<?xml version="1.0" encoding="UTF-8"?>
<spirit:component xmlns:xilinx="http://www.xilinx.com" xmlns:spirit="http://www.spiritconsortium.org/XMLSchema/SPIRIT/1685-2009" xmlns:xsi="http://www.w3.org/2001/XMLSchema-instance">
  <spirit:vendor>xilinx.com</spirit:vendor>
  <spirit:library>user</spirit:library>
  <spirit:name>PiRadSPI</spirit:name>
  <spirit:version>1.0</spirit:version>
  <spirit:busInterfaces>
    <spirit:busInterface>
      <spirit:name>csr_aresetn</spirit:name>
      <spirit:busType spirit:vendor="xilinx.com" spirit:library="signal" spirit:name="reset" spirit:version="1.0"/>
      <spirit:abstractionType spirit:vendor="xilinx.com" spirit:library="signal" spirit:name="reset_rtl" spirit:version="1.0"/>
      <spirit:slave/>
      <spirit:portMaps>
        <spirit:portMap>
          <spirit:logicalPort>
            <spirit:name>RST</spirit:name>
          </spirit:logicalPort>
          <spirit:physicalPort>
            <spirit:name>csr_aresetn</spirit:name>
          </spirit:physicalPort>
        </spirit:portMap>
      </spirit:portMaps>
      <spirit:parameters>
        <spirit:parameter>
          <spirit:name>POLARITY</spirit:name>
          <spirit:value spirit:id="BUSIFPARAM_VALUE.CSR_ARESETN.POLARITY" spirit:choiceRef="choice_list_9d8b0d81">ACTIVE_LOW</spirit:value>
        </spirit:parameter>
      </spirit:parameters>
    </spirit:busInterface>
    <spirit:busInterface>
      <spirit:name>csr_aclk</spirit:name>
      <spirit:busType spirit:vendor="xilinx.com" spirit:library="signal" spirit:name="clock" spirit:version="1.0"/>
      <spirit:abstractionType spirit:vendor="xilinx.com" spirit:library="signal" spirit:name="clock_rtl" spirit:version="1.0"/>
      <spirit:slave/>
      <spirit:portMaps>
        <spirit:portMap>
          <spirit:logicalPort>
            <spirit:name>CLK</spirit:name>
          </spirit:logicalPort>
          <spirit:physicalPort>
            <spirit:name>csr_aclk</spirit:name>
          </spirit:physicalPort>
        </spirit:portMap>
      </spirit:portMaps>
      <spirit:parameters>
        <spirit:parameter>
          <spirit:name>ASSOCIATED_RESET</spirit:name>
          <spirit:value spirit:id="BUSIFPARAM_VALUE.CSR_ACLK.ASSOCIATED_RESET">csr_aresetn</spirit:value>
        </spirit:parameter>
        <spirit:parameter>
          <spirit:name>ASSOCIATED_BUSIF</spirit:name>
          <spirit:value spirit:id="BUSIFPARAM_VALUE.CSR_ACLK.ASSOCIATED_BUSIF">csr</spirit:value>
        </spirit:parameter>
      </spirit:parameters>
    </spirit:busInterface>
    <spirit:busInterface>
      <spirit:name>interrupt</spirit:name>
      <spirit:busType spirit:vendor="xilinx.com" spirit:library="signal" spirit:name="interrupt" spirit:version="1.0"/>
      <spirit:abstractionType spirit:vendor="xilinx.com" spirit:library="signal" spirit:name="interrupt_rtl" spirit:version="1.0"/>
      <spirit:master/>
      <spirit:portMaps>
        <spirit:portMap>
          <spirit:logicalPort>
            <spirit:name>INTERRUPT</spirit:name>
          </spirit:logicalPort>
          <spirit:physicalPort>
            <spirit:name>interrupt</spirit:name>
          </spirit:physicalPort>
        </spirit:portMap>
      </spirit:portMaps>
      <spirit:parameters>
        <spirit:parameter>
          <spirit:name>SENSITIVITY</spirit:name>
          <spirit:value spirit:id="BUSIFPARAM_VALUE.INTERRUPT.SENSITIVITY" spirit:choiceRef="choice_list_99a1d2b9">LEVEL_HIGH</spirit:value>
        </spirit:parameter>
      </spirit:parameters>
    </spirit:busInterface>
    <spirit:busInterface>
      <spirit:name>csr</spirit:name>
      <spirit:busType spirit:vendor="xilinx.com" spirit:library="interface" spirit:name="aximm" spirit:version="1.0"/>
      <spirit:abstractionType spirit:vendor="xilinx.com" spirit:library="interface" spirit:name="aximm_rtl" spirit:version="1.0"/>
      <spirit:slave>
        <spirit:memoryMapRef spirit:memoryMapRef="csr"/>
      </spirit:slave>
      <spirit:portMaps>
        <spirit:portMap>
          <spirit:logicalPort>
            <spirit:name>AWADDR</spirit:name>
          </spirit:logicalPort>
          <spirit:physicalPort>
            <spirit:name>csr_awaddr</spirit:name>
          </spirit:physicalPort>
        </spirit:portMap>
        <spirit:portMap>
          <spirit:logicalPort>
            <spirit:name>AWPROT</spirit:name>
          </spirit:logicalPort>
          <spirit:physicalPort>
            <spirit:name>csr_awprot</spirit:name>
          </spirit:physicalPort>
        </spirit:portMap>
        <spirit:portMap>
          <spirit:logicalPort>
            <spirit:name>AWVALID</spirit:name>
          </spirit:logicalPort>
          <spirit:physicalPort>
            <spirit:name>csr_awvalid</spirit:name>
          </spirit:physicalPort>
        </spirit:portMap>
        <spirit:portMap>
          <spirit:logicalPort>
            <spirit:name>AWREADY</spirit:name>
          </spirit:logicalPort>
          <spirit:physicalPort>
            <spirit:name>csr_awready</spirit:name>
          </spirit:physicalPort>
        </spirit:portMap>
        <spirit:portMap>
          <spirit:logicalPort>
            <spirit:name>WDATA</spirit:name>
          </spirit:logicalPort>
          <spirit:physicalPort>
            <spirit:name>csr_wdata</spirit:name>
          </spirit:physicalPort>
        </spirit:portMap>
        <spirit:portMap>
          <spirit:logicalPort>
            <spirit:name>WSTRB</spirit:name>
          </spirit:logicalPort>
          <spirit:physicalPort>
            <spirit:name>csr_wstrb</spirit:name>
          </spirit:physicalPort>
        </spirit:portMap>
        <spirit:portMap>
          <spirit:logicalPort>
            <spirit:name>WVALID</spirit:name>
          </spirit:logicalPort>
          <spirit:physicalPort>
            <spirit:name>csr_wvalid</spirit:name>
          </spirit:physicalPort>
        </spirit:portMap>
        <spirit:portMap>
          <spirit:logicalPort>
            <spirit:name>WREADY</spirit:name>
          </spirit:logicalPort>
          <spirit:physicalPort>
            <spirit:name>csr_wready</spirit:name>
          </spirit:physicalPort>
        </spirit:portMap>
        <spirit:portMap>
          <spirit:logicalPort>
            <spirit:name>BRESP</spirit:name>
          </spirit:logicalPort>
          <spirit:physicalPort>
            <spirit:name>csr_bresp</spirit:name>
          </spirit:physicalPort>
        </spirit:portMap>
        <spirit:portMap>
          <spirit:logicalPort>
            <spirit:name>BVALID</spirit:name>
          </spirit:logicalPort>
          <spirit:physicalPort>
            <spirit:name>csr_bvalid</spirit:name>
          </spirit:physicalPort>
        </spirit:portMap>
        <spirit:portMap>
          <spirit:logicalPort>
            <spirit:name>BREADY</spirit:name>
          </spirit:logicalPort>
          <spirit:physicalPort>
            <spirit:name>csr_bready</spirit:name>
          </spirit:physicalPort>
        </spirit:portMap>
        <spirit:portMap>
          <spirit:logicalPort>
            <spirit:name>ARADDR</spirit:name>
          </spirit:logicalPort>
          <spirit:physicalPort>
            <spirit:name>csr_araddr</spirit:name>
          </spirit:physicalPort>
        </spirit:portMap>
        <spirit:portMap>
          <spirit:logicalPort>
            <spirit:name>ARPROT</spirit:name>
          </spirit:logicalPort>
          <spirit:physicalPort>
            <spirit:name>csr_arprot</spirit:name>
          </spirit:physicalPort>
        </spirit:portMap>
        <spirit:portMap>
          <spirit:logicalPort>
            <spirit:name>ARVALID</spirit:name>
          </spirit:logicalPort>
          <spirit:physicalPort>
            <spirit:name>csr_arvalid</spirit:name>
          </spirit:physicalPort>
        </spirit:portMap>
        <spirit:portMap>
          <spirit:logicalPort>
            <spirit:name>ARREADY</spirit:name>
          </spirit:logicalPort>
          <spirit:physicalPort>
            <spirit:name>csr_arready</spirit:name>
          </spirit:physicalPort>
        </spirit:portMap>
        <spirit:portMap>
          <spirit:logicalPort>
            <spirit:name>RDATA</spirit:name>
          </spirit:logicalPort>
          <spirit:physicalPort>
            <spirit:name>csr_rdata</spirit:name>
          </spirit:physicalPort>
        </spirit:portMap>
        <spirit:portMap>
          <spirit:logicalPort>
            <spirit:name>RRESP</spirit:name>
          </spirit:logicalPort>
          <spirit:physicalPort>
            <spirit:name>csr_rresp</spirit:name>
          </spirit:physicalPort>
        </spirit:portMap>
        <spirit:portMap>
          <spirit:logicalPort>
            <spirit:name>RVALID</spirit:name>
          </spirit:logicalPort>
          <spirit:physicalPort>
            <spirit:name>csr_rvalid</spirit:name>
          </spirit:physicalPort>
        </spirit:portMap>
        <spirit:portMap>
          <spirit:logicalPort>
            <spirit:name>RREADY</spirit:name>
          </spirit:logicalPort>
          <spirit:physicalPort>
            <spirit:name>csr_rready</spirit:name>
          </spirit:physicalPort>
        </spirit:portMap>
      </spirit:portMaps>
    </spirit:busInterface>
  </spirit:busInterfaces>
  <spirit:memoryMaps>
    <spirit:memoryMap>
      <spirit:name>csr</spirit:name>
      <spirit:addressBlock>
        <spirit:name>reg0</spirit:name>
        <spirit:baseAddress spirit:format="bitString" spirit:resolve="user" spirit:bitStringLength="32">0</spirit:baseAddress>
        <spirit:range spirit:format="long" spirit:resolve="dependent" spirit:dependency="pow(2,(spirit:decode(id(&apos;MODELPARAM_VALUE.C_CSR_ADDR_WIDTH&apos;)) - 1) + 1)" spirit:minimum="4096" spirit:rangeType="long">4096</spirit:range>
        <spirit:width spirit:format="long" spirit:resolve="dependent" spirit:dependency="(spirit:decode(id(&apos;MODELPARAM_VALUE.C_CSR_DATA_WIDTH&apos;)) - 1) + 1">32</spirit:width>
        <spirit:usage>register</spirit:usage>
      </spirit:addressBlock>
    </spirit:memoryMap>
  </spirit:memoryMaps>
  <spirit:model>
    <spirit:views>
      <spirit:view>
        <spirit:name>xilinx_verilogbehavioralsimulation</spirit:name>
        <spirit:displayName>Verilog Simulation</spirit:displayName>
        <spirit:envIdentifier>verilogSource:vivado.xilinx.com:simulation</spirit:envIdentifier>
        <spirit:language>verilog</spirit:language>
        <spirit:modelName>PiRadSPI_v1_0</spirit:modelName>
        <spirit:fileSetRef>
          <spirit:localName>xilinx_verilogbehavioralsimulation_view_fileset</spirit:localName>
        </spirit:fileSetRef>
        <spirit:parameters>
          <spirit:parameter>
            <spirit:name>viewChecksum</spirit:name>
            <spirit:value>e514ca77</spirit:value>
          </spirit:parameter>
        </spirit:parameters>
      </spirit:view>
      <spirit:view>
        <spirit:name>xilinx_softwaredriver</spirit:name>
        <spirit:displayName>Software Driver</spirit:displayName>
        <spirit:envIdentifier>:vivado.xilinx.com:sw.driver</spirit:envIdentifier>
        <spirit:fileSetRef>
          <spirit:localName>xilinx_softwaredriver_view_fileset</spirit:localName>
        </spirit:fileSetRef>
        <spirit:parameters>
          <spirit:parameter>
            <spirit:name>viewChecksum</spirit:name>
            <spirit:value>66ba56ba</spirit:value>
          </spirit:parameter>
        </spirit:parameters>
      </spirit:view>
      <spirit:view>
        <spirit:name>xilinx_xpgui</spirit:name>
        <spirit:displayName>UI Layout</spirit:displayName>
        <spirit:envIdentifier>:vivado.xilinx.com:xgui.ui</spirit:envIdentifier>
        <spirit:fileSetRef>
          <spirit:localName>xilinx_xpgui_view_fileset</spirit:localName>
        </spirit:fileSetRef>
        <spirit:parameters>
          <spirit:parameter>
            <spirit:name>viewChecksum</spirit:name>
            <spirit:value>a1bd9eed</spirit:value>
          </spirit:parameter>
        </spirit:parameters>
      </spirit:view>
      <spirit:view>
        <spirit:name>bd_tcl</spirit:name>
        <spirit:displayName>Block Diagram</spirit:displayName>
        <spirit:envIdentifier>:vivado.xilinx.com:block.diagram</spirit:envIdentifier>
        <spirit:fileSetRef>
          <spirit:localName>bd_tcl_view_fileset</spirit:localName>
        </spirit:fileSetRef>
        <spirit:parameters>
          <spirit:parameter>
            <spirit:name>viewChecksum</spirit:name>
            <spirit:value>16328387</spirit:value>
          </spirit:parameter>
        </spirit:parameters>
      </spirit:view>
      <spirit:view>
        <spirit:name>xilinx_anylanguagesynthesis</spirit:name>
        <spirit:displayName>Synthesis</spirit:displayName>
        <spirit:envIdentifier>:vivado.xilinx.com:synthesis</spirit:envIdentifier>
        <spirit:modelName>PiRadSPI_v1_0</spirit:modelName>
        <spirit:fileSetRef>
          <spirit:localName>xilinx_anylanguagesynthesis_pi_rad_io_ip_PiRadIPLIB_1_0__ref_view_fileset</spirit:localName>
        </spirit:fileSetRef>
        <spirit:fileSetRef>
          <spirit:localName>xilinx_anylanguagesynthesis_view_fileset</spirit:localName>
        </spirit:fileSetRef>
        <spirit:parameters>
          <spirit:parameter>
            <spirit:name>viewChecksum</spirit:name>
            <spirit:value>e514ca77</spirit:value>
          </spirit:parameter>
        </spirit:parameters>
      </spirit:view>
    </spirit:views>
    <spirit:ports>
      <spirit:port>
        <spirit:name>sclk</spirit:name>
        <spirit:wire>
          <spirit:direction>out</spirit:direction>
          <spirit:wireTypeDefs>
            <spirit:wireTypeDef>
              <spirit:typeName>wire</spirit:typeName>
              <spirit:viewNameRef>xilinx_anylanguagesynthesis</spirit:viewNameRef>
              <spirit:viewNameRef>xilinx_verilogbehavioralsimulation</spirit:viewNameRef>
            </spirit:wireTypeDef>
          </spirit:wireTypeDefs>
        </spirit:wire>
      </spirit:port>
      <spirit:port>
        <spirit:name>mosi</spirit:name>
        <spirit:wire>
          <spirit:direction>out</spirit:direction>
          <spirit:wireTypeDefs>
            <spirit:wireTypeDef>
              <spirit:typeName>wire</spirit:typeName>
              <spirit:viewNameRef>xilinx_anylanguagesynthesis</spirit:viewNameRef>
              <spirit:viewNameRef>xilinx_verilogbehavioralsimulation</spirit:viewNameRef>
            </spirit:wireTypeDef>
          </spirit:wireTypeDefs>
        </spirit:wire>
      </spirit:port>
      <spirit:port>
        <spirit:name>miso</spirit:name>
        <spirit:wire>
          <spirit:direction>in</spirit:direction>
          <spirit:wireTypeDefs>
            <spirit:wireTypeDef>
              <spirit:typeName>wire</spirit:typeName>
              <spirit:viewNameRef>xilinx_anylanguagesynthesis</spirit:viewNameRef>
              <spirit:viewNameRef>xilinx_verilogbehavioralsimulation</spirit:viewNameRef>
            </spirit:wireTypeDef>
          </spirit:wireTypeDefs>
        </spirit:wire>
      </spirit:port>
      <spirit:port>
        <spirit:name>csn_active</spirit:name>
        <spirit:wire>
          <spirit:direction>out</spirit:direction>
          <spirit:wireTypeDefs>
            <spirit:wireTypeDef>
              <spirit:typeName>wire</spirit:typeName>
              <spirit:viewNameRef>xilinx_anylanguagesynthesis</spirit:viewNameRef>
              <spirit:viewNameRef>xilinx_verilogbehavioralsimulation</spirit:viewNameRef>
            </spirit:wireTypeDef>
          </spirit:wireTypeDefs>
        </spirit:wire>
      </spirit:port>
      <spirit:port>
        <spirit:name>csn</spirit:name>
        <spirit:wire>
          <spirit:direction>out</spirit:direction>
          <spirit:vector>
            <spirit:left spirit:format="long" spirit:resolve="dependent" spirit:dependency="(spirit:decode(id(&apos;MODELPARAM_VALUE.C_SPI_SEL_WIDTH&apos;)) - 1)">2</spirit:left>
            <spirit:right spirit:format="long">0</spirit:right>
          </spirit:vector>
          <spirit:wireTypeDefs>
            <spirit:wireTypeDef>
              <spirit:typeName>wire</spirit:typeName>
              <spirit:viewNameRef>xilinx_anylanguagesynthesis</spirit:viewNameRef>
              <spirit:viewNameRef>xilinx_verilogbehavioralsimulation</spirit:viewNameRef>
            </spirit:wireTypeDef>
          </spirit:wireTypeDefs>
        </spirit:wire>
      </spirit:port>
      <spirit:port>
        <spirit:name>interrupt</spirit:name>
        <spirit:wire>
          <spirit:direction>out</spirit:direction>
          <spirit:wireTypeDefs>
            <spirit:wireTypeDef>
              <spirit:typeName>wire</spirit:typeName>
              <spirit:viewNameRef>xilinx_anylanguagesynthesis</spirit:viewNameRef>
              <spirit:viewNameRef>xilinx_verilogbehavioralsimulation</spirit:viewNameRef>
            </spirit:wireTypeDef>
          </spirit:wireTypeDefs>
        </spirit:wire>
      </spirit:port>
      <spirit:port>
        <spirit:name>csr_aclk</spirit:name>
        <spirit:wire>
          <spirit:direction>in</spirit:direction>
          <spirit:wireTypeDefs>
            <spirit:wireTypeDef>
              <spirit:typeName>wire</spirit:typeName>
              <spirit:viewNameRef>xilinx_anylanguagesynthesis</spirit:viewNameRef>
              <spirit:viewNameRef>xilinx_verilogbehavioralsimulation</spirit:viewNameRef>
            </spirit:wireTypeDef>
          </spirit:wireTypeDefs>
        </spirit:wire>
      </spirit:port>
      <spirit:port>
        <spirit:name>csr_aresetn</spirit:name>
        <spirit:wire>
          <spirit:direction>in</spirit:direction>
          <spirit:wireTypeDefs>
            <spirit:wireTypeDef>
              <spirit:typeName>wire</spirit:typeName>
              <spirit:viewNameRef>xilinx_anylanguagesynthesis</spirit:viewNameRef>
              <spirit:viewNameRef>xilinx_verilogbehavioralsimulation</spirit:viewNameRef>
            </spirit:wireTypeDef>
          </spirit:wireTypeDefs>
        </spirit:wire>
      </spirit:port>
      <spirit:port>
        <spirit:name>csr_awaddr</spirit:name>
        <spirit:wire>
          <spirit:direction>in</spirit:direction>
          <spirit:vector>
            <spirit:left spirit:format="long" spirit:resolve="dependent" spirit:dependency="(spirit:decode(id(&apos;MODELPARAM_VALUE.C_CSR_ADDR_WIDTH&apos;)) - 1)">7</spirit:left>
            <spirit:right spirit:format="long">0</spirit:right>
          </spirit:vector>
          <spirit:wireTypeDefs>
            <spirit:wireTypeDef>
              <spirit:typeName>wire</spirit:typeName>
              <spirit:viewNameRef>xilinx_anylanguagesynthesis</spirit:viewNameRef>
              <spirit:viewNameRef>xilinx_verilogbehavioralsimulation</spirit:viewNameRef>
            </spirit:wireTypeDef>
          </spirit:wireTypeDefs>
          <spirit:driver>
            <spirit:defaultValue spirit:format="long">0</spirit:defaultValue>
          </spirit:driver>
        </spirit:wire>
      </spirit:port>
      <spirit:port>
        <spirit:name>csr_awprot</spirit:name>
        <spirit:wire>
          <spirit:direction>in</spirit:direction>
          <spirit:vector>
            <spirit:left spirit:format="long">2</spirit:left>
            <spirit:right spirit:format="long">0</spirit:right>
          </spirit:vector>
          <spirit:wireTypeDefs>
            <spirit:wireTypeDef>
              <spirit:typeName>wire</spirit:typeName>
              <spirit:viewNameRef>xilinx_anylanguagesynthesis</spirit:viewNameRef>
              <spirit:viewNameRef>xilinx_verilogbehavioralsimulation</spirit:viewNameRef>
            </spirit:wireTypeDef>
          </spirit:wireTypeDefs>
          <spirit:driver>
            <spirit:defaultValue spirit:format="long">0</spirit:defaultValue>
          </spirit:driver>
        </spirit:wire>
      </spirit:port>
      <spirit:port>
        <spirit:name>csr_awvalid</spirit:name>
        <spirit:wire>
          <spirit:direction>in</spirit:direction>
          <spirit:wireTypeDefs>
            <spirit:wireTypeDef>
              <spirit:typeName>wire</spirit:typeName>
              <spirit:viewNameRef>xilinx_anylanguagesynthesis</spirit:viewNameRef>
              <spirit:viewNameRef>xilinx_verilogbehavioralsimulation</spirit:viewNameRef>
            </spirit:wireTypeDef>
          </spirit:wireTypeDefs>
          <spirit:driver>
            <spirit:defaultValue spirit:format="long">0</spirit:defaultValue>
          </spirit:driver>
        </spirit:wire>
      </spirit:port>
      <spirit:port>
        <spirit:name>csr_awready</spirit:name>
        <spirit:wire>
          <spirit:direction>out</spirit:direction>
          <spirit:wireTypeDefs>
            <spirit:wireTypeDef>
              <spirit:typeName>wire</spirit:typeName>
              <spirit:viewNameRef>xilinx_anylanguagesynthesis</spirit:viewNameRef>
              <spirit:viewNameRef>xilinx_verilogbehavioralsimulation</spirit:viewNameRef>
            </spirit:wireTypeDef>
          </spirit:wireTypeDefs>
        </spirit:wire>
      </spirit:port>
      <spirit:port>
        <spirit:name>csr_wdata</spirit:name>
        <spirit:wire>
          <spirit:direction>in</spirit:direction>
          <spirit:vector>
            <spirit:left spirit:format="long" spirit:resolve="dependent" spirit:dependency="(spirit:decode(id(&apos;MODELPARAM_VALUE.C_CSR_DATA_WIDTH&apos;)) - 1)">31</spirit:left>
            <spirit:right spirit:format="long">0</spirit:right>
          </spirit:vector>
          <spirit:wireTypeDefs>
            <spirit:wireTypeDef>
              <spirit:typeName>wire</spirit:typeName>
              <spirit:viewNameRef>xilinx_anylanguagesynthesis</spirit:viewNameRef>
              <spirit:viewNameRef>xilinx_verilogbehavioralsimulation</spirit:viewNameRef>
            </spirit:wireTypeDef>
          </spirit:wireTypeDefs>
          <spirit:driver>
            <spirit:defaultValue spirit:format="long">0</spirit:defaultValue>
          </spirit:driver>
        </spirit:wire>
      </spirit:port>
      <spirit:port>
        <spirit:name>csr_wstrb</spirit:name>
        <spirit:wire>
          <spirit:direction>in</spirit:direction>
          <spirit:vector>
            <spirit:left spirit:format="long" spirit:resolve="dependent" spirit:dependency="((spirit:decode(id(&apos;MODELPARAM_VALUE.C_CSR_DATA_WIDTH&apos;)) / 8) - 1)">3</spirit:left>
            <spirit:right spirit:format="long">0</spirit:right>
          </spirit:vector>
          <spirit:wireTypeDefs>
            <spirit:wireTypeDef>
              <spirit:typeName>wire</spirit:typeName>
              <spirit:viewNameRef>xilinx_anylanguagesynthesis</spirit:viewNameRef>
              <spirit:viewNameRef>xilinx_verilogbehavioralsimulation</spirit:viewNameRef>
            </spirit:wireTypeDef>
          </spirit:wireTypeDefs>
          <spirit:driver>
            <spirit:defaultValue spirit:format="long">1</spirit:defaultValue>
          </spirit:driver>
        </spirit:wire>
      </spirit:port>
      <spirit:port>
        <spirit:name>csr_wvalid</spirit:name>
        <spirit:wire>
          <spirit:direction>in</spirit:direction>
          <spirit:wireTypeDefs>
            <spirit:wireTypeDef>
              <spirit:typeName>wire</spirit:typeName>
              <spirit:viewNameRef>xilinx_anylanguagesynthesis</spirit:viewNameRef>
              <spirit:viewNameRef>xilinx_verilogbehavioralsimulation</spirit:viewNameRef>
            </spirit:wireTypeDef>
          </spirit:wireTypeDefs>
          <spirit:driver>
            <spirit:defaultValue spirit:format="long">0</spirit:defaultValue>
          </spirit:driver>
        </spirit:wire>
      </spirit:port>
      <spirit:port>
        <spirit:name>csr_wready</spirit:name>
        <spirit:wire>
          <spirit:direction>out</spirit:direction>
          <spirit:wireTypeDefs>
            <spirit:wireTypeDef>
              <spirit:typeName>wire</spirit:typeName>
              <spirit:viewNameRef>xilinx_anylanguagesynthesis</spirit:viewNameRef>
              <spirit:viewNameRef>xilinx_verilogbehavioralsimulation</spirit:viewNameRef>
            </spirit:wireTypeDef>
          </spirit:wireTypeDefs>
        </spirit:wire>
      </spirit:port>
      <spirit:port>
        <spirit:name>csr_bresp</spirit:name>
        <spirit:wire>
          <spirit:direction>out</spirit:direction>
          <spirit:vector>
            <spirit:left spirit:format="long">1</spirit:left>
            <spirit:right spirit:format="long">0</spirit:right>
          </spirit:vector>
          <spirit:wireTypeDefs>
            <spirit:wireTypeDef>
              <spirit:typeName>wire</spirit:typeName>
              <spirit:viewNameRef>xilinx_anylanguagesynthesis</spirit:viewNameRef>
              <spirit:viewNameRef>xilinx_verilogbehavioralsimulation</spirit:viewNameRef>
            </spirit:wireTypeDef>
          </spirit:wireTypeDefs>
        </spirit:wire>
      </spirit:port>
      <spirit:port>
        <spirit:name>csr_bvalid</spirit:name>
        <spirit:wire>
          <spirit:direction>out</spirit:direction>
          <spirit:wireTypeDefs>
            <spirit:wireTypeDef>
              <spirit:typeName>wire</spirit:typeName>
              <spirit:viewNameRef>xilinx_anylanguagesynthesis</spirit:viewNameRef>
              <spirit:viewNameRef>xilinx_verilogbehavioralsimulation</spirit:viewNameRef>
            </spirit:wireTypeDef>
          </spirit:wireTypeDefs>
        </spirit:wire>
      </spirit:port>
      <spirit:port>
        <spirit:name>csr_bready</spirit:name>
        <spirit:wire>
          <spirit:direction>in</spirit:direction>
          <spirit:wireTypeDefs>
            <spirit:wireTypeDef>
              <spirit:typeName>wire</spirit:typeName>
              <spirit:viewNameRef>xilinx_anylanguagesynthesis</spirit:viewNameRef>
              <spirit:viewNameRef>xilinx_verilogbehavioralsimulation</spirit:viewNameRef>
            </spirit:wireTypeDef>
          </spirit:wireTypeDefs>
          <spirit:driver>
            <spirit:defaultValue spirit:format="long">0</spirit:defaultValue>
          </spirit:driver>
        </spirit:wire>
      </spirit:port>
      <spirit:port>
        <spirit:name>csr_araddr</spirit:name>
        <spirit:wire>
          <spirit:direction>in</spirit:direction>
          <spirit:vector>
            <spirit:left spirit:format="long" spirit:resolve="dependent" spirit:dependency="(spirit:decode(id(&apos;MODELPARAM_VALUE.C_CSR_ADDR_WIDTH&apos;)) - 1)">7</spirit:left>
            <spirit:right spirit:format="long">0</spirit:right>
          </spirit:vector>
          <spirit:wireTypeDefs>
            <spirit:wireTypeDef>
              <spirit:typeName>wire</spirit:typeName>
              <spirit:viewNameRef>xilinx_anylanguagesynthesis</spirit:viewNameRef>
              <spirit:viewNameRef>xilinx_verilogbehavioralsimulation</spirit:viewNameRef>
            </spirit:wireTypeDef>
          </spirit:wireTypeDefs>
          <spirit:driver>
            <spirit:defaultValue spirit:format="long">0</spirit:defaultValue>
          </spirit:driver>
        </spirit:wire>
      </spirit:port>
      <spirit:port>
        <spirit:name>csr_arprot</spirit:name>
        <spirit:wire>
          <spirit:direction>in</spirit:direction>
          <spirit:vector>
            <spirit:left spirit:format="long">2</spirit:left>
            <spirit:right spirit:format="long">0</spirit:right>
          </spirit:vector>
          <spirit:wireTypeDefs>
            <spirit:wireTypeDef>
              <spirit:typeName>wire</spirit:typeName>
              <spirit:viewNameRef>xilinx_anylanguagesynthesis</spirit:viewNameRef>
              <spirit:viewNameRef>xilinx_verilogbehavioralsimulation</spirit:viewNameRef>
            </spirit:wireTypeDef>
          </spirit:wireTypeDefs>
          <spirit:driver>
            <spirit:defaultValue spirit:format="long">0</spirit:defaultValue>
          </spirit:driver>
        </spirit:wire>
      </spirit:port>
      <spirit:port>
        <spirit:name>csr_arvalid</spirit:name>
        <spirit:wire>
          <spirit:direction>in</spirit:direction>
          <spirit:wireTypeDefs>
            <spirit:wireTypeDef>
              <spirit:typeName>wire</spirit:typeName>
              <spirit:viewNameRef>xilinx_anylanguagesynthesis</spirit:viewNameRef>
              <spirit:viewNameRef>xilinx_verilogbehavioralsimulation</spirit:viewNameRef>
            </spirit:wireTypeDef>
          </spirit:wireTypeDefs>
          <spirit:driver>
            <spirit:defaultValue spirit:format="long">0</spirit:defaultValue>
          </spirit:driver>
        </spirit:wire>
      </spirit:port>
      <spirit:port>
        <spirit:name>csr_arready</spirit:name>
        <spirit:wire>
          <spirit:direction>out</spirit:direction>
          <spirit:wireTypeDefs>
            <spirit:wireTypeDef>
              <spirit:typeName>wire</spirit:typeName>
              <spirit:viewNameRef>xilinx_anylanguagesynthesis</spirit:viewNameRef>
              <spirit:viewNameRef>xilinx_verilogbehavioralsimulation</spirit:viewNameRef>
            </spirit:wireTypeDef>
          </spirit:wireTypeDefs>
        </spirit:wire>
      </spirit:port>
      <spirit:port>
        <spirit:name>csr_rdata</spirit:name>
        <spirit:wire>
          <spirit:direction>out</spirit:direction>
          <spirit:vector>
            <spirit:left spirit:format="long" spirit:resolve="dependent" spirit:dependency="(spirit:decode(id(&apos;MODELPARAM_VALUE.C_CSR_DATA_WIDTH&apos;)) - 1)">31</spirit:left>
            <spirit:right spirit:format="long">0</spirit:right>
          </spirit:vector>
          <spirit:wireTypeDefs>
            <spirit:wireTypeDef>
              <spirit:typeName>wire</spirit:typeName>
              <spirit:viewNameRef>xilinx_anylanguagesynthesis</spirit:viewNameRef>
              <spirit:viewNameRef>xilinx_verilogbehavioralsimulation</spirit:viewNameRef>
            </spirit:wireTypeDef>
          </spirit:wireTypeDefs>
        </spirit:wire>
      </spirit:port>
      <spirit:port>
        <spirit:name>csr_rresp</spirit:name>
        <spirit:wire>
          <spirit:direction>out</spirit:direction>
          <spirit:vector>
            <spirit:left spirit:format="long">1</spirit:left>
            <spirit:right spirit:format="long">0</spirit:right>
          </spirit:vector>
          <spirit:wireTypeDefs>
            <spirit:wireTypeDef>
              <spirit:typeName>wire</spirit:typeName>
              <spirit:viewNameRef>xilinx_anylanguagesynthesis</spirit:viewNameRef>
              <spirit:viewNameRef>xilinx_verilogbehavioralsimulation</spirit:viewNameRef>
            </spirit:wireTypeDef>
          </spirit:wireTypeDefs>
        </spirit:wire>
      </spirit:port>
      <spirit:port>
        <spirit:name>csr_rvalid</spirit:name>
        <spirit:wire>
          <spirit:direction>out</spirit:direction>
          <spirit:wireTypeDefs>
            <spirit:wireTypeDef>
              <spirit:typeName>wire</spirit:typeName>
              <spirit:viewNameRef>xilinx_anylanguagesynthesis</spirit:viewNameRef>
              <spirit:viewNameRef>xilinx_verilogbehavioralsimulation</spirit:viewNameRef>
            </spirit:wireTypeDef>
          </spirit:wireTypeDefs>
        </spirit:wire>
      </spirit:port>
      <spirit:port>
        <spirit:name>csr_rready</spirit:name>
        <spirit:wire>
          <spirit:direction>in</spirit:direction>
          <spirit:wireTypeDefs>
            <spirit:wireTypeDef>
              <spirit:typeName>wire</spirit:typeName>
              <spirit:viewNameRef>xilinx_anylanguagesynthesis</spirit:viewNameRef>
              <spirit:viewNameRef>xilinx_verilogbehavioralsimulation</spirit:viewNameRef>
            </spirit:wireTypeDef>
          </spirit:wireTypeDefs>
          <spirit:driver>
            <spirit:defaultValue spirit:format="long">0</spirit:defaultValue>
          </spirit:driver>
        </spirit:wire>
      </spirit:port>
    </spirit:ports>
    <spirit:modelParameters>
      <spirit:modelParameter xsi:type="spirit:nameValueTypeType" spirit:dataType="integer">
        <spirit:name>C_SPI_SEL_MODE</spirit:name>
        <spirit:displayName>C Spi Sel Mode</spirit:displayName>
        <spirit:value spirit:format="long" spirit:resolve="generated" spirit:id="MODELPARAM_VALUE.C_SPI_SEL_MODE">1</spirit:value>
      </spirit:modelParameter>
      <spirit:modelParameter spirit:dataType="integer">
        <spirit:name>C_CSR_DATA_WIDTH</spirit:name>
        <spirit:displayName>C Csr Data Width</spirit:displayName>
        <spirit:value spirit:format="long" spirit:resolve="generated" spirit:id="MODELPARAM_VALUE.C_CSR_DATA_WIDTH">32</spirit:value>
      </spirit:modelParameter>
      <spirit:modelParameter spirit:dataType="integer">
        <spirit:name>C_CSR_ADDR_WIDTH</spirit:name>
        <spirit:displayName>C Csr Addr Width</spirit:displayName>
        <spirit:value spirit:format="long" spirit:resolve="generated" spirit:id="MODELPARAM_VALUE.C_CSR_ADDR_WIDTH">8</spirit:value>
      </spirit:modelParameter>
      <spirit:modelParameter spirit:dataType="integer">
        <spirit:name>C_SPI_SEL_WIDTH</spirit:name>
        <spirit:displayName>C Spi Sel Width</spirit:displayName>
        <spirit:value spirit:format="long" spirit:resolve="generated" spirit:id="MODELPARAM_VALUE.C_SPI_SEL_WIDTH">3</spirit:value>
      </spirit:modelParameter>
      <spirit:modelParameter spirit:dataType="integer">
        <spirit:name>C_NUM_PROFILES</spirit:name>
        <spirit:displayName>C Num Profiles</spirit:displayName>
        <spirit:value spirit:format="long" spirit:resolve="generated" spirit:id="MODELPARAM_VALUE.C_NUM_PROFILES">16</spirit:value>
      </spirit:modelParameter>
    </spirit:modelParameters>
  </spirit:model>
  <spirit:choices>
    <spirit:choice>
      <spirit:name>choice_list_99a1d2b9</spirit:name>
      <spirit:enumeration>LEVEL_HIGH</spirit:enumeration>
      <spirit:enumeration>LEVEL_LOW</spirit:enumeration>
      <spirit:enumeration>EDGE_RISING</spirit:enumeration>
      <spirit:enumeration>EDGE_FALLING</spirit:enumeration>
    </spirit:choice>
    <spirit:choice>
      <spirit:name>choice_list_9d8b0d81</spirit:name>
      <spirit:enumeration>ACTIVE_HIGH</spirit:enumeration>
      <spirit:enumeration>ACTIVE_LOW</spirit:enumeration>
    </spirit:choice>
  </spirit:choices>
  <spirit:fileSets>
    <spirit:fileSet>
      <spirit:name>xilinx_verilogbehavioralsimulation_view_fileset</spirit:name>
      <spirit:file>
        <spirit:name>hdl/piradspi.svh</spirit:name>
        <spirit:fileType>systemVerilogSource</spirit:fileType>
        <spirit:isIncludeFile>true</spirit:isIncludeFile>
      </spirit:file>
      <spirit:file>
        <spirit:name>hdl/piradspi_pkg.sv</spirit:name>
        <spirit:fileType>systemVerilogSource</spirit:fileType>
      </spirit:file>
      <spirit:file>
        <spirit:name>hdl/piradspi_engine.sv</spirit:name>
        <spirit:fileType>systemVerilogSource</spirit:fileType>
      </spirit:file>
      <spirit:file>
        <spirit:name>hdl/piradspi_csr.sv</spirit:name>
        <spirit:fileType>systemVerilogSource</spirit:fileType>
      </spirit:file>
      <spirit:file>
        <spirit:name>hdl/piradspi_top.sv</spirit:name>
        <spirit:fileType>systemVerilogSource</spirit:fileType>
      </spirit:file>
      <spirit:file>
        <spirit:name>hdl/PiRadSPI_v1_0.sv</spirit:name>
        <spirit:fileType>systemVerilogSource</spirit:fileType>
      </spirit:file>
    </spirit:fileSet>
    <spirit:fileSet>
      <spirit:name>xilinx_softwaredriver_view_fileset</spirit:name>
      <spirit:file>
        <spirit:name>drivers/PiRadSPI_v1_0/data/PiRadSPI.mdd</spirit:name>
        <spirit:userFileType>mdd</spirit:userFileType>
        <spirit:userFileType>driver_mdd</spirit:userFileType>
      </spirit:file>
      <spirit:file>
        <spirit:name>drivers/PiRadSPI_v1_0/data/PiRadSPI.tcl</spirit:name>
        <spirit:fileType>tclSource</spirit:fileType>
        <spirit:userFileType>driver_tcl</spirit:userFileType>
      </spirit:file>
      <spirit:file>
        <spirit:name>drivers/PiRadSPI_v1_0/src/Makefile</spirit:name>
        <spirit:userFileType>driver_src</spirit:userFileType>
      </spirit:file>
      <spirit:file>
        <spirit:name>drivers/PiRadSPI_v1_0/src/PiRadSPI.h</spirit:name>
        <spirit:fileType>cSource</spirit:fileType>
        <spirit:userFileType>driver_src</spirit:userFileType>
      </spirit:file>
      <spirit:file>
        <spirit:name>drivers/PiRadSPI_v1_0/src/PiRadSPI.c</spirit:name>
        <spirit:fileType>cSource</spirit:fileType>
        <spirit:userFileType>driver_src</spirit:userFileType>
      </spirit:file>
      <spirit:file>
        <spirit:name>drivers/PiRadSPI_v1_0/src/PiRadSPI_selftest.c</spirit:name>
        <spirit:fileType>cSource</spirit:fileType>
        <spirit:userFileType>driver_src</spirit:userFileType>
      </spirit:file>
    </spirit:fileSet>
    <spirit:fileSet>
      <spirit:name>xilinx_xpgui_view_fileset</spirit:name>
      <spirit:file>
        <spirit:name>xgui/PiRadSPI_v1_0.tcl</spirit:name>
        <spirit:fileType>tclSource</spirit:fileType>
        <spirit:userFileType>CHECKSUM_a1bd9eed</spirit:userFileType>
        <spirit:userFileType>XGUI_VERSION_2</spirit:userFileType>
      </spirit:file>
    </spirit:fileSet>
    <spirit:fileSet>
      <spirit:name>bd_tcl_view_fileset</spirit:name>
      <spirit:file>
        <spirit:name>bd/bd.tcl</spirit:name>
        <spirit:fileType>tclSource</spirit:fileType>
      </spirit:file>
    </spirit:fileSet>
    <spirit:fileSet>
      <spirit:name>xilinx_anylanguagesynthesis_view_fileset</spirit:name>
      <spirit:file>
        <spirit:name>hdl/piradspi.svh</spirit:name>
        <spirit:fileType>systemVerilogSource</spirit:fileType>
        <spirit:isIncludeFile>true</spirit:isIncludeFile>
      </spirit:file>
      <spirit:file>
        <spirit:name>hdl/piradspi_pkg.sv</spirit:name>
        <spirit:fileType>systemVerilogSource</spirit:fileType>
      </spirit:file>
      <spirit:file>
        <spirit:name>hdl/piradspi_engine.sv</spirit:name>
        <spirit:fileType>systemVerilogSource</spirit:fileType>
      </spirit:file>
      <spirit:file>
        <spirit:name>hdl/piradspi_csr.sv</spirit:name>
        <spirit:fileType>systemVerilogSource</spirit:fileType>
      </spirit:file>
      <spirit:file>
        <spirit:name>hdl/piradspi_top.sv</spirit:name>
        <spirit:fileType>systemVerilogSource</spirit:fileType>
      </spirit:file>
      <spirit:file>
        <spirit:name>hdl/PiRadSPI_v1_0.sv</spirit:name>
        <spirit:fileType>systemVerilogSource</spirit:fileType>
        <spirit:userFileType>CHECKSUM_b3be04af</spirit:userFileType>
      </spirit:file>
    </spirit:fileSet>
    <spirit:fileSet>
      <spirit:name>xilinx_anylanguagesynthesis_pi_rad_io_ip_PiRadIPLIB_1_0__ref_view_fileset</spirit:name>
      <spirit:vendorExtensions>
        <xilinx:subCoreRef>
          <xilinx:componentRef xilinx:vendor="pi-rad.io" xilinx:library="ip" xilinx:name="PiRadIPLIB" xilinx:version="1.0">
            <xilinx:mode xilinx:name="copy_mode"/>
          </xilinx:componentRef>
        </xilinx:subCoreRef>
      </spirit:vendorExtensions>
    </spirit:fileSet>
  </spirit:fileSets>
  <spirit:description>Pi Radio SPI Controller</spirit:description>
  <spirit:parameters>
    <spirit:parameter>
      <spirit:name>Component_Name</spirit:name>
      <spirit:value spirit:resolve="user" spirit:id="PARAM_VALUE.Component_Name" spirit:order="1">PiRadSPI_v1_0</spirit:value>
    </spirit:parameter>
    <spirit:parameter>
      <spirit:name>C_SPI_SEL_MODE</spirit:name>
      <spirit:displayName>C Spi Sel Mode</spirit:displayName>
      <spirit:value spirit:format="long" spirit:resolve="user" spirit:id="PARAM_VALUE.C_SPI_SEL_MODE">1</spirit:value>
    </spirit:parameter>
    <spirit:parameter>
      <spirit:name>C_CSR_DATA_WIDTH</spirit:name>
      <spirit:displayName>C Csr Data Width</spirit:displayName>
      <spirit:value spirit:format="long" spirit:resolve="user" spirit:id="PARAM_VALUE.C_CSR_DATA_WIDTH">32</spirit:value>
    </spirit:parameter>
    <spirit:parameter>
      <spirit:name>C_CSR_ADDR_WIDTH</spirit:name>
      <spirit:displayName>C Csr Addr Width</spirit:displayName>
      <spirit:value spirit:format="long" spirit:resolve="user" spirit:id="PARAM_VALUE.C_CSR_ADDR_WIDTH">8</spirit:value>
    </spirit:parameter>
    <spirit:parameter>
      <spirit:name>C_SPI_SEL_WIDTH</spirit:name>
      <spirit:displayName>C Spi Sel Width</spirit:displayName>
      <spirit:value spirit:format="long" spirit:resolve="user" spirit:id="PARAM_VALUE.C_SPI_SEL_WIDTH">3</spirit:value>
    </spirit:parameter>
    <spirit:parameter>
      <spirit:name>C_NUM_PROFILES</spirit:name>
      <spirit:displayName>C Num Profiles</spirit:displayName>
      <spirit:value spirit:format="long" spirit:resolve="user" spirit:id="PARAM_VALUE.C_NUM_PROFILES">16</spirit:value>
    </spirit:parameter>
  </spirit:parameters>
  <spirit:vendorExtensions>
    <xilinx:coreExtensions>
      <xilinx:supportedFamilies>
        <xilinx:family xilinx:lifeCycle="Pre-Production">zynquplus</xilinx:family>
      </xilinx:supportedFamilies>
      <xilinx:taxonomies>
        <xilinx:taxonomy>AXI_Peripheral</xilinx:taxonomy>
      </xilinx:taxonomies>
      <xilinx:displayName>PiRadSPI_v1.0</xilinx:displayName>
      <xilinx:coreRevision>22</xilinx:coreRevision>
      <xilinx:coreCreationDateTime>2021-11-18T22:48:33Z</xilinx:coreCreationDateTime>
      <xilinx:tags>
        <xilinx:tag xilinx:name="ui.data.coregen.dd@755a6f13_ARCHIVE_LOCATION">c:/Users/zapma/Documents/PiRadIP/PiRadSPI_1.0</xilinx:tag>
        <xilinx:tag xilinx:name="ui.data.coregen.dd@170258ce_ARCHIVE_LOCATION">c:/Users/zapma/Documents/PiRadIP/PiRadSPI_1.0</xilinx:tag>
        <xilinx:tag xilinx:name="ui.data.coregen.dd@595c368b_ARCHIVE_LOCATION">c:/Users/zapma/Documents/PiRadIP/PiRadSPI_1.0</xilinx:tag>
        <xilinx:tag xilinx:name="ui.data.coregen.dd@2c0c1f7c_ARCHIVE_LOCATION">c:/Users/zapma/Documents/PiRadIP/PiRadSPI_1.0</xilinx:tag>
        <xilinx:tag xilinx:name="ui.data.coregen.dd@eca2b3d_ARCHIVE_LOCATION">c:/Users/zapma/Documents/PiRadIP/PiRadSPI_1.0</xilinx:tag>
        <xilinx:tag xilinx:name="ui.data.coregen.dd@7921123e_ARCHIVE_LOCATION">c:/Users/zapma/Documents/PiRadIP/PiRadSPI_1.0</xilinx:tag>
        <xilinx:tag xilinx:name="ui.data.coregen.dd@78789cf9_ARCHIVE_LOCATION">c:/Users/zapma/Documents/PiRadIP/PiRadSPI_1.0</xilinx:tag>
        <xilinx:tag xilinx:name="ui.data.coregen.dd@5b5dd411_ARCHIVE_LOCATION">c:/Users/zapma/Documents/PiRadIP/PiRadSPI_1.0</xilinx:tag>
        <xilinx:tag xilinx:name="ui.data.coregen.dd@2c17976d_ARCHIVE_LOCATION">c:/Users/zapma/Documents/PiRadIP/PiRadSPI_1.0</xilinx:tag>
        <xilinx:tag xilinx:name="ui.data.coregen.dd@f99db0d_ARCHIVE_LOCATION">c:/Users/zapma/Documents/PiRadIP/PiRadSPI_1.0</xilinx:tag>
        <xilinx:tag xilinx:name="ui.data.coregen.dd@6e35b6ea_ARCHIVE_LOCATION">c:/Users/zapma/Documents/PiRadIP/PiRadSPI_1.0</xilinx:tag>
        <xilinx:tag xilinx:name="ui.data.coregen.dd@65d45048_ARCHIVE_LOCATION">c:/Users/zapma/Documents/PiRadIP/PiRadSPI_1.0</xilinx:tag>
        <xilinx:tag xilinx:name="ui.data.coregen.dd@3d7ee3c5_ARCHIVE_LOCATION">c:/Users/zapma/Documents/PiRadIP/PiRadSPI_1.0</xilinx:tag>
        <xilinx:tag xilinx:name="ui.data.coregen.dd@1786447_ARCHIVE_LOCATION">c:/Users/zapma/Documents/PiRadIP/PiRadSPI_1.0</xilinx:tag>
        <xilinx:tag xilinx:name="ui.data.coregen.dd@25e0fce8_ARCHIVE_LOCATION">c:/Users/zapma/Documents/PiRadIP/PiRadSPI_1.0</xilinx:tag>
        <xilinx:tag xilinx:name="ui.data.coregen.dd@20248c32_ARCHIVE_LOCATION">c:/Users/zapma/Documents/PiRadIP/PiRadSPI_1.0</xilinx:tag>
        <xilinx:tag xilinx:name="ui.data.coregen.dd@67df2004_ARCHIVE_LOCATION">c:/Users/zapma/Documents/PiRadIP/PiRadSPI_1.0</xilinx:tag>
        <xilinx:tag xilinx:name="ui.data.coregen.dd@59b9fc08_ARCHIVE_LOCATION">c:/Users/zapma/Documents/PiRadIP/PiRadSPI_1.0</xilinx:tag>
        <xilinx:tag xilinx:name="ui.data.coregen.dd@6f1a4240_ARCHIVE_LOCATION">c:/Users/zapma/Documents/PiRadIP/PiRadSPI_1.0</xilinx:tag>
        <xilinx:tag xilinx:name="ui.data.coregen.dd@58778992_ARCHIVE_LOCATION">c:/Users/zapma/Documents/PiRadIP/PiRadSPI_1.0</xilinx:tag>
        <xilinx:tag xilinx:name="ui.data.coregen.dd@1f0068c_ARCHIVE_LOCATION">c:/Users/zapma/Documents/PiRadIP/PiRadSPI_1.0</xilinx:tag>
        <xilinx:tag xilinx:name="ui.data.coregen.dd@1ab5f14c_ARCHIVE_LOCATION">c:/Users/zapma/Documents/PiRadIP/PiRadSPI_1.0</xilinx:tag>
        <xilinx:tag xilinx:name="ui.data.coregen.dd@7f6f6284_ARCHIVE_LOCATION">c:/Users/zapma/Documents/PiRadIP/PiRadSPI_1.0</xilinx:tag>
        <xilinx:tag xilinx:name="ui.data.coregen.dd@28824357_ARCHIVE_LOCATION">c:/Users/zapma/Documents/PiRadIP/PiRadSPI_1.0</xilinx:tag>
        <xilinx:tag xilinx:name="ui.data.coregen.dd@55188f0c_ARCHIVE_LOCATION">c:/Users/zapma/Documents/PiRadIP/PiRadSPI_1.0</xilinx:tag>
        <xilinx:tag xilinx:name="ui.data.coregen.dd@4c9b18db_ARCHIVE_LOCATION">c:/Users/zapma/Documents/PiRadIP/PiRadSPI_1.0</xilinx:tag>
        <xilinx:tag xilinx:name="ui.data.coregen.dd@1efc198a_ARCHIVE_LOCATION">c:/Users/zapma/Documents/PiRadIP/PiRadSPI_1.0</xilinx:tag>
        <xilinx:tag xilinx:name="ui.data.coregen.dd@7aaea1a5_ARCHIVE_LOCATION">c:/Users/zapma/Documents/PiRadIP/PiRadSPI_1.0</xilinx:tag>
        <xilinx:tag xilinx:name="ui.data.coregen.dd@7c73d434_ARCHIVE_LOCATION">c:/Users/zapma/Documents/PiRadIP/PiRadSPI_1.0</xilinx:tag>
        <xilinx:tag xilinx:name="ui.data.coregen.dd@4f773f5b_ARCHIVE_LOCATION">c:/Users/zapma/Documents/PiRadIP/PiRadSPI_1.0</xilinx:tag>
        <xilinx:tag xilinx:name="ui.data.coregen.dd@28d8593a_ARCHIVE_LOCATION">c:/Users/zapma/Documents/PiRadIP/PiRadSPI_1.0</xilinx:tag>
        <xilinx:tag xilinx:name="ui.data.coregen.dd@7df36f6_ARCHIVE_LOCATION">c:/Users/zapma/Documents/PiRadIP/PiRadSPI_1.0</xilinx:tag>
        <xilinx:tag xilinx:name="ui.data.coregen.dd@2e62cfa0_ARCHIVE_LOCATION">c:/Users/zapma/Documents/PiRadIP/PiRadSPI_1.0</xilinx:tag>
        <xilinx:tag xilinx:name="ui.data.coregen.dd@742aa8b7_ARCHIVE_LOCATION">c:/Users/zapma/Documents/PiRadIP/PiRadSPI_1.0</xilinx:tag>
        <xilinx:tag xilinx:name="ui.data.coregen.dd@63b8f000_ARCHIVE_LOCATION">c:/Users/zapma/Documents/PiRadIP/PiRadSPI_1.0</xilinx:tag>
        <xilinx:tag xilinx:name="ui.data.coregen.dd@36921959_ARCHIVE_LOCATION">c:/Users/zapma/Documents/PiRadIP/PiRadSPI_1.0</xilinx:tag>
        <xilinx:tag xilinx:name="ui.data.coregen.dd@f2416f0_ARCHIVE_LOCATION">c:/Users/zapma/Documents/PiRadIP/PiRadSPI_1.0</xilinx:tag>
        <xilinx:tag xilinx:name="ui.data.coregen.dd@2635e6d9_ARCHIVE_LOCATION">c:/Users/zapma/Documents/PiRadIP/PiRadSPI_1.0</xilinx:tag>
        <xilinx:tag xilinx:name="ui.data.coregen.dd@3edaa855_ARCHIVE_LOCATION">c:/Users/zapma/Documents/PiRadIP/PiRadSPI_1.0</xilinx:tag>
        <xilinx:tag xilinx:name="ui.data.coregen.dd@424606b0_ARCHIVE_LOCATION">c:/Users/zapma/Documents/PiRadIP/PiRadSPI_1.0</xilinx:tag>
        <xilinx:tag xilinx:name="ui.data.coregen.dd@14e5d20d_ARCHIVE_LOCATION">c:/Users/zapma/Documents/PiRadIP/PiRadSPI_1.0</xilinx:tag>
        <xilinx:tag xilinx:name="ui.data.coregen.dd@532c7870_ARCHIVE_LOCATION">c:/Users/zapma/Documents/PiRadIP/PiRadSPI_1.0</xilinx:tag>
        <xilinx:tag xilinx:name="ui.data.coregen.dd@36431d22_ARCHIVE_LOCATION">c:/Users/zapma/Documents/PiRadIP/PiRadSPI_1.0</xilinx:tag>
        <xilinx:tag xilinx:name="ui.data.coregen.dd@45f6dd53_ARCHIVE_LOCATION">c:/Users/zapma/Documents/PiRadIP/PiRadSPI_1.0</xilinx:tag>
        <xilinx:tag xilinx:name="ui.data.coregen.dd@6c893793_ARCHIVE_LOCATION">c:/Users/zapma/Documents/PiRadIP/PiRadSPI_1.0</xilinx:tag>
        <xilinx:tag xilinx:name="ui.data.coregen.dd@25b02f38_ARCHIVE_LOCATION">c:/Users/zapma/Documents/PiRadIP/PiRadSPI_1.0</xilinx:tag>
        <xilinx:tag xilinx:name="ui.data.coregen.dd@140b8443_ARCHIVE_LOCATION">c:/Users/zapma/Documents/PiRadIP/PiRadSPI_1.0</xilinx:tag>
        <xilinx:tag xilinx:name="ui.data.coregen.dd@79ad1322_ARCHIVE_LOCATION">c:/Users/zapma/Documents/PiRadIP/PiRadSPI_1.0</xilinx:tag>
        <xilinx:tag xilinx:name="ui.data.coregen.dd@36928eea_ARCHIVE_LOCATION">c:/Users/zapma/Documents/PiRadIP/PiRadSPI_1.0</xilinx:tag>
        <xilinx:tag xilinx:name="ui.data.coregen.dd@7f8c0c1_ARCHIVE_LOCATION">c:/Users/zapma/Documents/PiRadIP/PiRadSPI_1.0</xilinx:tag>
        <xilinx:tag xilinx:name="ui.data.coregen.dd@46c64645_ARCHIVE_LOCATION">c:/Users/zapma/Documents/PiRadIP/PiRadSPI_1.0</xilinx:tag>
        <xilinx:tag xilinx:name="ui.data.coregen.dd@22c03b60_ARCHIVE_LOCATION">c:/Users/zapma/Documents/PiRadIP/PiRadSPI_1.0</xilinx:tag>
        <xilinx:tag xilinx:name="ui.data.coregen.dd@6b4bdc9e_ARCHIVE_LOCATION">c:/Users/zapma/Documents/PiRadIP/PiRadSPI_1.0</xilinx:tag>
        <xilinx:tag xilinx:name="ui.data.coregen.dd@6c2ba05b_ARCHIVE_LOCATION">c:/Users/zapma/Documents/PiRadIP/PiRadSPI_1.0</xilinx:tag>
        <xilinx:tag xilinx:name="ui.data.coregen.dd@566b824f_ARCHIVE_LOCATION">c:/Users/zapma/Documents/PiRadIP/PiRadSPI_1.0</xilinx:tag>
        <xilinx:tag xilinx:name="ui.data.coregen.dd@3e9ff024_ARCHIVE_LOCATION">c:/Users/zapma/Documents/PiRadIP/PiRadSPI_1.0</xilinx:tag>
        <xilinx:tag xilinx:name="ui.data.coregen.dd@5cc24933_ARCHIVE_LOCATION">c:/Users/zapma/Documents/PiRadIP/PiRadSPI_1.0</xilinx:tag>
        <xilinx:tag xilinx:name="ui.data.coregen.dd@64a7e5e4_ARCHIVE_LOCATION">c:/Users/zapma/Documents/PiRadIP/PiRadSPI_1.0</xilinx:tag>
        <xilinx:tag xilinx:name="ui.data.coregen.dd@f8357b8_ARCHIVE_LOCATION">c:/Users/zapma/Documents/PiRadIP/PiRadSPI_1.0</xilinx:tag>
        <xilinx:tag xilinx:name="ui.data.coregen.dd@260df1c_ARCHIVE_LOCATION">c:/Users/zapma/Documents/PiRadIP/PiRadSPI_1.0</xilinx:tag>
        <xilinx:tag xilinx:name="ui.data.coregen.dd@31777f87_ARCHIVE_LOCATION">c:/Users/zapma/Documents/PiRadIP/PiRadSPI_1.0</xilinx:tag>
        <xilinx:tag xilinx:name="ui.data.coregen.dd@239ea27d_ARCHIVE_LOCATION">c:/Users/zapma/Documents/PiRadIP/PiRadSPI_1.0</xilinx:tag>
        <xilinx:tag xilinx:name="ui.data.coregen.dd@645a7797_ARCHIVE_LOCATION">c:/Users/zapma/Documents/PiRadIP/PiRadSPI_1.0</xilinx:tag>
        <xilinx:tag xilinx:name="ui.data.coregen.dd@4c580795_ARCHIVE_LOCATION">c:/Users/zapma/Documents/PiRadIP/PiRadSPI_1.0</xilinx:tag>
        <xilinx:tag xilinx:name="ui.data.coregen.dd@74f2051b_ARCHIVE_LOCATION">c:/Users/zapma/Documents/PiRadIP/PiRadSPI_1.0</xilinx:tag>
        <xilinx:tag xilinx:name="ui.data.coregen.dd@302e7c1d_ARCHIVE_LOCATION">c:/Users/zapma/Documents/PiRadIP/PiRadSPI_1.0</xilinx:tag>
        <xilinx:tag xilinx:name="ui.data.coregen.dd@4557b624_ARCHIVE_LOCATION">c:/Users/zapma/Documents/PiRadIP/PiRadSPI_1.0</xilinx:tag>
        <xilinx:tag xilinx:name="ui.data.coregen.dd@3da3754e_ARCHIVE_LOCATION">c:/Users/zapma/Documents/PiRadIP/PiRadSPI_1.0</xilinx:tag>
        <xilinx:tag xilinx:name="ui.data.coregen.dd@243b3541_ARCHIVE_LOCATION">c:/Users/zapma/Documents/PiRadIP/PiRadSPI_1.0</xilinx:tag>
        <xilinx:tag xilinx:name="ui.data.coregen.dd@31f59606_ARCHIVE_LOCATION">c:/Users/zapma/Documents/PiRadIP/PiRadSPI_1.0</xilinx:tag>
        <xilinx:tag xilinx:name="ui.data.coregen.dd@7922010e_ARCHIVE_LOCATION">c:/Users/zapma/Documents/PiRadIP/PiRadSPI_1.0</xilinx:tag>
        <xilinx:tag xilinx:name="ui.data.coregen.dd@5f8161be_ARCHIVE_LOCATION">c:/Users/zapma/Documents/PiRadIP/PiRadSPI_1.0</xilinx:tag>
        <xilinx:tag xilinx:name="ui.data.coregen.dd@1be093a3_ARCHIVE_LOCATION">c:/Users/zapma/Documents/PiRadIP/PiRadSPI_1.0</xilinx:tag>
        <xilinx:tag xilinx:name="ui.data.coregen.dd@23b55f02_ARCHIVE_LOCATION">c:/Users/zapma/Documents/PiRadIP/PiRadSPI_1.0</xilinx:tag>
        <xilinx:tag xilinx:name="ui.data.coregen.dd@3b5f09c0_ARCHIVE_LOCATION">c:/Users/zapma/Documents/PiRadIP/PiRadSPI_1.0</xilinx:tag>
        <xilinx:tag xilinx:name="ui.data.coregen.df@255ef066_ARCHIVE_LOCATION">c:/Users/zapma/Documents/PiRadIP/PiRadSPI_1.0</xilinx:tag>
        <xilinx:tag xilinx:name="ui.data.coregen.df@43e1cd59_ARCHIVE_LOCATION">c:/Users/zapma/Documents/PiRadIP/PiRadSPI_1.0</xilinx:tag>
        <xilinx:tag xilinx:name="ui.data.coregen.df@1a3dabd7_ARCHIVE_LOCATION">c:/Users/zapma/Documents/PiRadIP/PiRadSPI_1.0</xilinx:tag>
        <xilinx:tag xilinx:name="ui.data.coregen.df@3d4ac553_ARCHIVE_LOCATION">c:/Users/zapma/Documents/PiRadIP/PiRadSPI_1.0</xilinx:tag>
        <xilinx:tag xilinx:name="ui.data.coregen.df@74559968_ARCHIVE_LOCATION">c:/Users/zapma/Documents/PiRadIP/PiRadSPI_1.0</xilinx:tag>
        <xilinx:tag xilinx:name="ui.data.coregen.df@63a62460_ARCHIVE_LOCATION">c:/Users/zapma/Documents/PiRadIP/PiRadSPI_1.0</xilinx:tag>
        <xilinx:tag xilinx:name="ui.data.coregen.df@3528e330_ARCHIVE_LOCATION">c:/Users/zapma/Documents/PiRadIP/PiRadSPI_1.0</xilinx:tag>
        <xilinx:tag xilinx:name="ui.data.coregen.df@367bb0f5_ARCHIVE_LOCATION">c:/Users/zapma/Documents/PiRadIP/PiRadSPI_1.0</xilinx:tag>
        <xilinx:tag xilinx:name="ui.data.coregen.df@51c75c65_ARCHIVE_LOCATION">c:/Users/zapma/Documents/PiRadIP/PiRadSPI_1.0</xilinx:tag>
        <xilinx:tag xilinx:name="ui.data.coregen.df@7c36e08f_ARCHIVE_LOCATION">c:/Users/zapma/Documents/PiRadIP/PiRadSPI_1.0</xilinx:tag>
        <xilinx:tag xilinx:name="ui.data.coregen.df@570ca0bd_ARCHIVE_LOCATION">c:/Users/zapma/Documents/PiRadIP/PiRadSPI_1.0</xilinx:tag>
        <xilinx:tag xilinx:name="ui.data.coregen.df@1d0547b4_ARCHIVE_LOCATION">c:/Users/zapma/Documents/PiRadIP/PiRadSPI_1.0</xilinx:tag>
        <xilinx:tag xilinx:name="ui.data.coregen.df@23ab8949_ARCHIVE_LOCATION">c:/Users/zapma/Documents/PiRadIP/PiRadSPI_1.0</xilinx:tag>
        <xilinx:tag xilinx:name="ui.data.coregen.df@65f78a86_ARCHIVE_LOCATION">c:/Users/zapma/Documents/PiRadIP/PiRadSPI_1.0</xilinx:tag>
        <xilinx:tag xilinx:name="ui.data.coregen.df@e61cd81_ARCHIVE_LOCATION">c:/Users/zapma/Documents/PiRadIP/PiRadSPI_1.0</xilinx:tag>
        <xilinx:tag xilinx:name="ui.data.coregen.df@26671f1e_ARCHIVE_LOCATION">c:/Users/zapma/Documents/PiRadIP/PiRadSPI_1.0</xilinx:tag>
        <xilinx:tag xilinx:name="ui.data.coregen.df@39e2ba2_ARCHIVE_LOCATION">c:/Users/zapma/Documents/PiRadIP/PiRadSPI_1.0</xilinx:tag>
        <xilinx:tag xilinx:name="ui.data.coregen.df@4ee8d550_ARCHIVE_LOCATION">c:/Users/zapma/Documents/PiRadIP/PiRadSPI_1.0</xilinx:tag>
        <xilinx:tag xilinx:name="ui.data.coregen.df@7d5b830d_ARCHIVE_LOCATION">c:/Users/zapma/Documents/PiRadIP/PiRadSPI_1.0</xilinx:tag>
        <xilinx:tag xilinx:name="ui.data.coregen.df@5fa9283b_ARCHIVE_LOCATION">c:/Users/zapma/Documents/PiRadIP/PiRadSPI_1.0</xilinx:tag>
        <xilinx:tag xilinx:name="ui.data.coregen.df@267b4c92_ARCHIVE_LOCATION">c:/Users/zapma/Documents/PiRadIP/PiRadSPI_1.0</xilinx:tag>
        <xilinx:tag xilinx:name="ui.data.coregen.df@22f5f921_ARCHIVE_LOCATION">c:/Users/zapma/Documents/PiRadIP/PiRadSPI_1.0</xilinx:tag>
        <xilinx:tag xilinx:name="ui.data.coregen.df@79f6f65a_ARCHIVE_LOCATION">c:/Users/zapma/Documents/PiRadIP/PiRadSPI_1.0</xilinx:tag>
        <xilinx:tag xilinx:name="ui.data.coregen.df@b59678f_ARCHIVE_LOCATION">c:/Users/zapma/Documents/PiRadIP/PiRadSPI_1.0</xilinx:tag>
        <xilinx:tag xilinx:name="ui.data.coregen.df@4b7ca0da_ARCHIVE_LOCATION">c:/Users/zapma/Documents/PiRadIP/PiRadSPI_1.0</xilinx:tag>
        <xilinx:tag xilinx:name="ui.data.coregen.df@56ce3859_ARCHIVE_LOCATION">c:/Users/zapma/Documents/PiRadIP/PiRadSPI_1.0</xilinx:tag>
        <xilinx:tag xilinx:name="ui.data.coregen.df@4d0cd76a_ARCHIVE_LOCATION">c:/Users/zapma/Documents/PiRadIP/PiRadSPI_1.0</xilinx:tag>
        <xilinx:tag xilinx:name="ui.data.coregen.df@765597e5_ARCHIVE_LOCATION">c:/Users/zapma/Documents/PiRadIP/PiRadSPI_1.0</xilinx:tag>
        <xilinx:tag xilinx:name="ui.data.coregen.df@185d0727_ARCHIVE_LOCATION">c:/Users/zapma/Documents/PiRadIP/PiRadSPI_1.0</xilinx:tag>
        <xilinx:tag xilinx:name="ui.data.coregen.df@54028db7_ARCHIVE_LOCATION">c:/Users/zapma/Documents/PiRadIP/PiRadSPI_1.0</xilinx:tag>
        <xilinx:tag xilinx:name="ui.data.coregen.df@2ccd8f62_ARCHIVE_LOCATION">c:/Users/zapma/Documents/PiRadIP/PiRadSPI_1.0</xilinx:tag>
        <xilinx:tag xilinx:name="ui.data.coregen.df@1bfc2b8d_ARCHIVE_LOCATION">c:/Users/zapma/Documents/PiRadIP/PiRadSPI_1.0</xilinx:tag>
        <xilinx:tag xilinx:name="ui.data.coregen.df@16cc8452_ARCHIVE_LOCATION">c:/Users/zapma/Documents/PiRadIP/PiRadSPI_1.0</xilinx:tag>
        <xilinx:tag xilinx:name="ui.data.coregen.df@3b081d8b_ARCHIVE_LOCATION">c:/Users/zapma/Documents/PiRadIP/PiRadSPI_1.0</xilinx:tag>
        <xilinx:tag xilinx:name="ui.data.coregen.df@5198330b_ARCHIVE_LOCATION">c:/Users/zapma/Documents/PiRadIP/PiRadSPI_1.0</xilinx:tag>
        <xilinx:tag xilinx:name="ui.data.coregen.df@16f916a_ARCHIVE_LOCATION">c:/Users/zapma/Documents/PiRadIP/PiRadSPI_1.0</xilinx:tag>
        <xilinx:tag xilinx:name="ui.data.coregen.df@31cdbbe0_ARCHIVE_LOCATION">c:/Users/zapma/Documents/PiRadIP/PiRadSPI_1.0</xilinx:tag>
        <xilinx:tag xilinx:name="ui.data.coregen.df@43bdbe8_ARCHIVE_LOCATION">c:/Users/zapma/Documents/PiRadIP/PiRadSPI_1.0</xilinx:tag>
        <xilinx:tag xilinx:name="ui.data.coregen.df@1eefd01e_ARCHIVE_LOCATION">c:/Users/zapma/Documents/PiRadIP/PiRadSPI_1.0</xilinx:tag>
        <xilinx:tag xilinx:name="ui.data.coregen.df@6f4880e3_ARCHIVE_LOCATION">c:/Users/zapma/Documents/PiRadIP/PiRadSPI_1.0</xilinx:tag>
        <xilinx:tag xilinx:name="ui.data.coregen.df@55de2db9_ARCHIVE_LOCATION">c:/Users/zapma/Documents/PiRadIP/PiRadSPI_1.0</xilinx:tag>
        <xilinx:tag xilinx:name="ui.data.coregen.df@4e97fbf1_ARCHIVE_LOCATION">c:/Users/zapma/Documents/PiRadIP/PiRadSPI_1.0</xilinx:tag>
        <xilinx:tag xilinx:name="ui.data.coregen.df@1ac16ae3_ARCHIVE_LOCATION">c:/Users/zapma/Documents/PiRadIP/PiRadSPI_1.0</xilinx:tag>
        <xilinx:tag xilinx:name="ui.data.coregen.df@1ccf2add_ARCHIVE_LOCATION">c:/Users/zapma/Documents/PiRadIP/PiRadSPI_1.0</xilinx:tag>
        <xilinx:tag xilinx:name="ui.data.coregen.df@464f3ea8_ARCHIVE_LOCATION">c:/Users/zapma/Documents/PiRadIP/PiRadSPI_1.0</xilinx:tag>
        <xilinx:tag xilinx:name="ui.data.coregen.df@583a5170_ARCHIVE_LOCATION">c:/Users/zapma/Documents/PiRadIP/PiRadSPI_1.0</xilinx:tag>
        <xilinx:tag xilinx:name="ui.data.coregen.df@685be55d_ARCHIVE_LOCATION">c:/Users/zapma/Documents/PiRadIP/PiRadSPI_1.0</xilinx:tag>
        <xilinx:tag xilinx:name="ui.data.coregen.df@2e23848f_ARCHIVE_LOCATION">c:/Users/zapma/Documents/PiRadIP/PiRadSPI_1.0</xilinx:tag>
        <xilinx:tag xilinx:name="ui.data.coregen.df@47d3f13f_ARCHIVE_LOCATION">c:/Users/zapma/Documents/PiRadIP/PiRadSPI_1.0</xilinx:tag>
        <xilinx:tag xilinx:name="ui.data.coregen.df@34b5c245_ARCHIVE_LOCATION">c:/Users/zapma/Documents/PiRadIP/PiRadSPI_1.0</xilinx:tag>
        <xilinx:tag xilinx:name="ui.data.coregen.df@68b2da15_ARCHIVE_LOCATION">c:/Users/zapma/Documents/PiRadIP/PiRadSPI_1.0</xilinx:tag>
        <xilinx:tag xilinx:name="ui.data.coregen.df@393ec099_ARCHIVE_LOCATION">c:/Users/zapma/Documents/PiRadIP/PiRadSPI_1.0</xilinx:tag>
        <xilinx:tag xilinx:name="ui.data.coregen.df@979a50d_ARCHIVE_LOCATION">c:/Users/zapma/Documents/PiRadIP/PiRadSPI_1.0</xilinx:tag>
        <xilinx:tag xilinx:name="ui.data.coregen.df@696237f4_ARCHIVE_LOCATION">c:/Users/zapma/Documents/PiRadIP/PiRadSPI_1.0</xilinx:tag>
        <xilinx:tag xilinx:name="ui.data.coregen.df@2528383a_ARCHIVE_LOCATION">c:/Users/zapma/Documents/PiRadIP/PiRadSPI_1.0</xilinx:tag>
        <xilinx:tag xilinx:name="ui.data.coregen.df@6c8ca04d_ARCHIVE_LOCATION">c:/Users/zapma/Documents/PiRadIP/PiRadSPI_1.0</xilinx:tag>
        <xilinx:tag xilinx:name="ui.data.coregen.df@7a28497f_ARCHIVE_LOCATION">c:/Users/zapma/Documents/PiRadIP/PiRadSPI_1.0</xilinx:tag>
        <xilinx:tag xilinx:name="ui.data.coregen.df@7e55ce1_ARCHIVE_LOCATION">c:/Users/zapma/Documents/PiRadIP/PiRadSPI_1.0</xilinx:tag>
        <xilinx:tag xilinx:name="ui.data.coregen.df@42ef9e3e_ARCHIVE_LOCATION">c:/Users/zapma/Documents/PiRadIP/PiRadSPI_1.0</xilinx:tag>
        <xilinx:tag xilinx:name="ui.data.coregen.df@2d6f1d3b_ARCHIVE_LOCATION">c:/Users/zapma/Documents/PiRadIP/PiRadSPI_1.0</xilinx:tag>
        <xilinx:tag xilinx:name="ui.data.coregen.df@559b2aeb_ARCHIVE_LOCATION">c:/Users/zapma/Documents/PiRadIP/PiRadSPI_1.0</xilinx:tag>
        <xilinx:tag xilinx:name="ui.data.coregen.df@5328e58_ARCHIVE_LOCATION">c:/Users/zapma/Documents/PiRadIP/PiRadSPI_1.0</xilinx:tag>
        <xilinx:tag xilinx:name="ui.data.coregen.df@3c8db56_ARCHIVE_LOCATION">c:/Users/zapma/Documents/PiRadIP/PiRadSPI_1.0</xilinx:tag>
        <xilinx:tag xilinx:name="ui.data.coregen.df@68981400_ARCHIVE_LOCATION">c:/Users/zapma/Documents/PiRadIP/PiRadSPI_1.0</xilinx:tag>
        <xilinx:tag xilinx:name="ui.data.coregen.df@32b14be8_ARCHIVE_LOCATION">c:/Users/zapma/Documents/PiRadIP/PiRadSPI_1.0</xilinx:tag>
        <xilinx:tag xilinx:name="ui.data.coregen.df@150b6c1f_ARCHIVE_LOCATION">c:/Users/zapma/Documents/PiRadIP/PiRadSPI_1.0</xilinx:tag>
        <xilinx:tag xilinx:name="ui.data.coregen.df@52c826f_ARCHIVE_LOCATION">c:/Users/zapma/Documents/PiRadIP/PiRadSPI_1.0</xilinx:tag>
        <xilinx:tag xilinx:name="ui.data.coregen.df@6df2a76b_ARCHIVE_LOCATION">c:/Users/zapma/Documents/PiRadIP/PiRadSPI_1.0</xilinx:tag>
        <xilinx:tag xilinx:name="ui.data.coregen.df@75fd9d9e_ARCHIVE_LOCATION">c:/Users/zapma/Documents/PiRadIP/PiRadSPI_1.0</xilinx:tag>
        <xilinx:tag xilinx:name="ui.data.coregen.df@219b637b_ARCHIVE_LOCATION">c:/Users/zapma/Documents/PiRadIP/PiRadSPI_1.0</xilinx:tag>
        <xilinx:tag xilinx:name="ui.data.coregen.df@3c916b2c_ARCHIVE_LOCATION">c:/Users/zapma/Documents/PiRadIP/PiRadSPI_1.0</xilinx:tag>
        <xilinx:tag xilinx:name="ui.data.coregen.df@30278e38_ARCHIVE_LOCATION">c:/Users/zapma/Documents/PiRadIP/PiRadSPI_1.0</xilinx:tag>
        <xilinx:tag xilinx:name="ui.data.coregen.df@14612238_ARCHIVE_LOCATION">c:/Users/zapma/Documents/PiRadIP/PiRadSPI_1.0</xilinx:tag>
        <xilinx:tag xilinx:name="ui.data.coregen.df@5d875b26_ARCHIVE_LOCATION">c:/Users/zapma/Documents/PiRadIP/PiRadSPI_1.0</xilinx:tag>
        <xilinx:tag xilinx:name="ui.data.coregen.df@76d7c152_ARCHIVE_LOCATION">c:/Users/zapma/Documents/PiRadIP/PiRadSPI_1.0</xilinx:tag>
        <xilinx:tag xilinx:name="ui.data.coregen.df@7ce59e48_ARCHIVE_LOCATION">c:/Users/zapma/Documents/PiRadIP/PiRadSPI_1.0</xilinx:tag>
        <xilinx:tag xilinx:name="ui.data.coregen.df@e66c23f_ARCHIVE_LOCATION">c:/Users/zapma/Documents/PiRadIP/PiRadSPI_1.0</xilinx:tag>
        <xilinx:tag xilinx:name="ui.data.coregen.df@43b08557_ARCHIVE_LOCATION">c:/Users/zapma/Documents/PiRadIP/PiRadSPI_1.0</xilinx:tag>
        <xilinx:tag xilinx:name="ui.data.coregen.df@5b9c246_ARCHIVE_LOCATION">c:/Users/zapma/Documents/PiRadIP/PiRadSPI_1.0</xilinx:tag>
        <xilinx:tag xilinx:name="ui.data.coregen.df@8fad724_ARCHIVE_LOCATION">c:/Users/zapma/Documents/PiRadIP/PiRadSPI_1.0</xilinx:tag>
        <xilinx:tag xilinx:name="ui.data.coregen.df@3b446a99_ARCHIVE_LOCATION">c:/Users/zapma/Documents/PiRadIP/PiRadSPI_1.0</xilinx:tag>
        <xilinx:tag xilinx:name="ui.data.coregen.df@604428ad_ARCHIVE_LOCATION">c:/Users/zapma/Documents/PiRadIP/PiRadSPI_1.0</xilinx:tag>
        <xilinx:tag xilinx:name="ui.data.coregen.df@40237949_ARCHIVE_LOCATION">c:/Users/zapma/Documents/PiRadIP/PiRadSPI_1.0</xilinx:tag>
        <xilinx:tag xilinx:name="ui.data.coregen.df@65d407d8_ARCHIVE_LOCATION">c:/Users/zapma/Documents/PiRadIP/PiRadSPI_1.0</xilinx:tag>
        <xilinx:tag xilinx:name="ui.data.coregen.df@12bf1095_ARCHIVE_LOCATION">c:/Users/zapma/Documents/PiRadIP/PiRadSPI_1.0</xilinx:tag>
        <xilinx:tag xilinx:name="ui.data.coregen.df@2a627eb4_ARCHIVE_LOCATION">c:/Users/zapma/Documents/PiRadIP/PiRadSPI_1.0</xilinx:tag>
        <xilinx:tag xilinx:name="ui.data.coregen.df@658d38f3_ARCHIVE_LOCATION">c:/Users/zapma/Documents/PiRadIP/PiRadSPI_1.0</xilinx:tag>
        <xilinx:tag xilinx:name="ui.data.coregen.df@2f5a9635_ARCHIVE_LOCATION">c:/Users/zapma/Documents/PiRadIP/PiRadSPI_1.0</xilinx:tag>
        <xilinx:tag xilinx:name="ui.data.coregen.df@51c5271c_ARCHIVE_LOCATION">c:/Users/zapma/Documents/PiRadIP/PiRadSPI_1.0</xilinx:tag>
        <xilinx:tag xilinx:name="ui.data.coregen.df@17f8e305_ARCHIVE_LOCATION">c:/Users/zapma/Documents/PiRadIP/PiRadSPI_1.0</xilinx:tag>
        <xilinx:tag xilinx:name="ui.data.coregen.df@73f5a7b8_ARCHIVE_LOCATION">c:/Users/zapma/Documents/PiRadIP/PiRadSPI_1.0</xilinx:tag>
        <xilinx:tag xilinx:name="ui.data.coregen.df@78851a4c_ARCHIVE_LOCATION">c:/Users/zapma/Documents/PiRadIP/PiRadSPI_1.0</xilinx:tag>
        <xilinx:tag xilinx:name="ui.data.coregen.df@76423ee6_ARCHIVE_LOCATION">c:/Users/zapma/Documents/PiRadIP/PiRadSPI_1.0</xilinx:tag>
        <xilinx:tag xilinx:name="ui.data.coregen.df@6f1094f0_ARCHIVE_LOCATION">c:/Users/zapma/Documents/PiRadIP/PiRadSPI_1.0</xilinx:tag>
        <xilinx:tag xilinx:name="ui.data.coregen.df@26f5b715_ARCHIVE_LOCATION">c:/Users/zapma/Documents/PiRadIP/PiRadSPI_1.0</xilinx:tag>
        <xilinx:tag xilinx:name="ui.data.coregen.df@27f1f71c_ARCHIVE_LOCATION">c:/Users/zapma/Documents/PiRadIP/PiRadSPI_1.0</xilinx:tag>
        <xilinx:tag xilinx:name="ui.data.coregen.df@327421b2_ARCHIVE_LOCATION">c:/Users/zapma/Documents/PiRadIP/PiRadSPI_1.0</xilinx:tag>
        <xilinx:tag xilinx:name="ui.data.coregen.df@4a5f4f7b_ARCHIVE_LOCATION">c:/Users/zapma/Documents/PiRadIP/PiRadSPI_1.0</xilinx:tag>
        <xilinx:tag xilinx:name="ui.data.coregen.df@67d142c5_ARCHIVE_LOCATION">c:/Users/zapma/Documents/PiRadIP/PiRadSPI_1.0</xilinx:tag>
        <xilinx:tag xilinx:name="ui.data.coregen.df@4d39348b_ARCHIVE_LOCATION">c:/Users/zapma/Documents/PiRadIP/PiRadSPI_1.0</xilinx:tag>
        <xilinx:tag xilinx:name="ui.data.coregen.df@5bee2a58_ARCHIVE_LOCATION">c:/Users/zapma/Documents/PiRadIP/PiRadSPI_1.0</xilinx:tag>
        <xilinx:tag xilinx:name="ui.data.coregen.df@f04d277_ARCHIVE_LOCATION">c:/Users/zapma/Documents/PiRadIP/PiRadSPI_1.0</xilinx:tag>
        <xilinx:tag xilinx:name="ui.data.coregen.df@c945b9f_ARCHIVE_LOCATION">c:/Users/zapma/Documents/PiRadIP/PiRadSPI_1.0</xilinx:tag>
        <xilinx:tag xilinx:name="ui.data.coregen.df@6bfdaac1_ARCHIVE_LOCATION">c:/Users/zapma/Documents/PiRadIP/PiRadSPI_1.0</xilinx:tag>
        <xilinx:tag xilinx:name="ui.data.coregen.df@72eaaab2_ARCHIVE_LOCATION">c:/Users/zapma/Documents/PiRadIP/PiRadSPI_1.0</xilinx:tag>
        <xilinx:tag xilinx:name="ui.data.coregen.df@6011236d_ARCHIVE_LOCATION">c:/Users/zapma/Documents/PiRadIP/PiRadSPI_1.0</xilinx:tag>
        <xilinx:tag xilinx:name="ui.data.coregen.df@5328f9b5_ARCHIVE_LOCATION">c:/Users/zapma/Documents/PiRadIP/PiRadSPI_1.0</xilinx:tag>
        <xilinx:tag xilinx:name="ui.data.coregen.df@665277c5_ARCHIVE_LOCATION">c:/Users/zapma/Documents/PiRadIP/PiRadSPI_1.0</xilinx:tag>
        <xilinx:tag xilinx:name="ui.data.coregen.df@6bb1241c_ARCHIVE_LOCATION">c:/Users/zapma/Documents/PiRadIP/PiRadSPI_1.0</xilinx:tag>
        <xilinx:tag xilinx:name="ui.data.coregen.df@bda4ac6_ARCHIVE_LOCATION">c:/Users/zapma/Documents/PiRadIP/PiRadSPI_1.0</xilinx:tag>
        <xilinx:tag xilinx:name="ui.data.coregen.df@3f97676c_ARCHIVE_LOCATION">c:/Users/zapma/Documents/PiRadIP/PiRadSPI_1.0</xilinx:tag>
        <xilinx:tag xilinx:name="ui.data.coregen.df@4fb22f82_ARCHIVE_LOCATION">c:/Users/zapma/Documents/PiRadIP/PiRadSPI_1.0</xilinx:tag>
        <xilinx:tag xilinx:name="ui.data.coregen.df@43fdd363_ARCHIVE_LOCATION">c:/Users/zapma/Documents/PiRadIP/PiRadSPI_1.0</xilinx:tag>
        <xilinx:tag xilinx:name="ui.data.coregen.df@229c173a_ARCHIVE_LOCATION">c:/Users/zapma/Documents/PiRadIP/PiRadSPI_1.0</xilinx:tag>
        <xilinx:tag xilinx:name="ui.data.coregen.df@53cc49aa_ARCHIVE_LOCATION">c:/Users/zapma/Documents/PiRadIP/PiRadSPI_1.0</xilinx:tag>
        <xilinx:tag xilinx:name="ui.data.coregen.df@26f07344_ARCHIVE_LOCATION">c:/Users/zapma/Documents/PiRadIP/PiRadSPI_1.0</xilinx:tag>
        <xilinx:tag xilinx:name="ui.data.coregen.df@362cf3af_ARCHIVE_LOCATION">c:/Users/zapma/Documents/PiRadIP/PiRadSPI_1.0</xilinx:tag>
        <xilinx:tag xilinx:name="ui.data.coregen.df@287a4c7d_ARCHIVE_LOCATION">c:/Users/zapma/Documents/PiRadIP/PiRadSPI_1.0</xilinx:tag>
        <xilinx:tag xilinx:name="ui.data.coregen.df@69e6006a_ARCHIVE_LOCATION">c:/Users/zapma/Documents/PiRadIP/PiRadSPI_1.0</xilinx:tag>
        <xilinx:tag xilinx:name="ui.data.coregen.df@754e314a_ARCHIVE_LOCATION">c:/Users/zapma/Documents/PiRadIP/PiRadSPI_1.0</xilinx:tag>
        <xilinx:tag xilinx:name="ui.data.coregen.df@4e5073d7_ARCHIVE_LOCATION">c:/Users/zapma/Documents/PiRadIP/PiRadSPI_1.0</xilinx:tag>
        <xilinx:tag xilinx:name="ui.data.coregen.df@7e8eb56_ARCHIVE_LOCATION">c:/Users/zapma/Documents/PiRadIP/PiRadSPI_1.0</xilinx:tag>
        <xilinx:tag xilinx:name="ui.data.coregen.df@47b646b2_ARCHIVE_LOCATION">c:/Users/zapma/Documents/PiRadIP/PiRadSPI_1.0</xilinx:tag>
        <xilinx:tag xilinx:name="ui.data.coregen.df@7cd85632_ARCHIVE_LOCATION">c:/Users/zapma/Documents/PiRadIP/PiRadSPI_1.0</xilinx:tag>
        <xilinx:tag xilinx:name="ui.data.coregen.df@175421b1_ARCHIVE_LOCATION">c:/Users/zapma/Documents/PiRadIP/PiRadSPI_1.0</xilinx:tag>
        <xilinx:tag xilinx:name="ui.data.coregen.df@4824d880_ARCHIVE_LOCATION">c:/Users/zapma/Documents/PiRadIP/PiRadSPI_1.0</xilinx:tag>
        <xilinx:tag xilinx:name="ui.data.coregen.df@1bed589d_ARCHIVE_LOCATION">c:/Users/zapma/Documents/PiRadIP/PiRadSPI_1.0</xilinx:tag>
        <xilinx:tag xilinx:name="ui.data.coregen.df@38929fba_ARCHIVE_LOCATION">c:/Users/zapma/Documents/PiRadIP/PiRadSPI_1.0</xilinx:tag>
        <xilinx:tag xilinx:name="ui.data.coregen.df@17ff9e45_ARCHIVE_LOCATION">c:/Users/zapma/Documents/PiRadIP/PiRadSPI_1.0</xilinx:tag>
        <xilinx:tag xilinx:name="ui.data.coregen.df@27f97f3d_ARCHIVE_LOCATION">c:/Users/zapma/Documents/PiRadIP/PiRadSPI_1.0</xilinx:tag>
        <xilinx:tag xilinx:name="ui.data.coregen.df@23cd1560_ARCHIVE_LOCATION">c:/Users/zapma/Documents/PiRadIP/PiRadSPI_1.0</xilinx:tag>
        <xilinx:tag xilinx:name="ui.data.coregen.df@6f9fae25_ARCHIVE_LOCATION">c:/Users/zapma/Documents/PiRadIP/PiRadSPI_1.0</xilinx:tag>
        <xilinx:tag xilinx:name="ui.data.coregen.df@66ac8e1f_ARCHIVE_LOCATION">c:/Users/zapma/Documents/PiRadIP/PiRadSPI_1.0</xilinx:tag>
        <xilinx:tag xilinx:name="ui.data.coregen.df@46b361eb_ARCHIVE_LOCATION">c:/Users/zapma/Documents/PiRadIP/PiRadSPI_1.0</xilinx:tag>
        <xilinx:tag xilinx:name="ui.data.coregen.df@22a65814_ARCHIVE_LOCATION">c:/Users/zapma/Documents/PiRadIP/PiRadSPI_1.0</xilinx:tag>
        <xilinx:tag xilinx:name="ui.data.coregen.df@4cc19cfa_ARCHIVE_LOCATION">c:/Users/zapma/Documents/PiRadIP/PiRadSPI_1.0</xilinx:tag>
        <xilinx:tag xilinx:name="ui.data.coregen.df@6b2dfb4e_ARCHIVE_LOCATION">c:/Users/zapma/Documents/PiRadIP/PiRadSPI_1.0</xilinx:tag>
        <xilinx:tag xilinx:name="ui.data.coregen.df@6d0962be_ARCHIVE_LOCATION">c:/Users/zapma/Documents/PiRadIP/PiRadSPI_1.0</xilinx:tag>
        <xilinx:tag xilinx:name="ui.data.coregen.df@47e7e237_ARCHIVE_LOCATION">c:/Users/zapma/Documents/PiRadIP/PiRadSPI_1.0</xilinx:tag>
        <xilinx:tag xilinx:name="ui.data.coregen.df@6fa2b702_ARCHIVE_LOCATION">c:/Users/zapma/Documents/PiRadIP/PiRadSPI_1.0</xilinx:tag>
        <xilinx:tag xilinx:name="ui.data.coregen.df@374241a4_ARCHIVE_LOCATION">c:/Users/zapma/Documents/PiRadIP/PiRadSPI_1.0</xilinx:tag>
        <xilinx:tag xilinx:name="ui.data.coregen.df@2f09b216_ARCHIVE_LOCATION">c:/Users/zapma/Documents/PiRadIP/PiRadSPI_1.0</xilinx:tag>
        <xilinx:tag xilinx:name="ui.data.coregen.df@b0f5ed3_ARCHIVE_LOCATION">c:/Users/zapma/Documents/PiRadIP/PiRadSPI_1.0</xilinx:tag>
        <xilinx:tag xilinx:name="ui.data.coregen.df@7336b91_ARCHIVE_LOCATION">c:/Users/zapma/Documents/PiRadIP/PiRadSPI_1.0</xilinx:tag>
        <xilinx:tag xilinx:name="ui.data.coregen.df@61583c0b_ARCHIVE_LOCATION">c:/Users/zapma/Documents/PiRadIP/PiRadSPI_1.0</xilinx:tag>
        <xilinx:tag xilinx:name="ui.data.coregen.df@3cbfabf5_ARCHIVE_LOCATION">c:/Users/zapma/Documents/PiRadIP/PiRadSPI_1.0</xilinx:tag>
        <xilinx:tag xilinx:name="ui.data.coregen.df@7c7010da_ARCHIVE_LOCATION">c:/Users/zapma/Documents/PiRadIP/PiRadSPI_1.0</xilinx:tag>
        <xilinx:tag xilinx:name="ui.data.coregen.df@69c4b5a3_ARCHIVE_LOCATION">c:/Users/zapma/Documents/PiRadIP/PiRadSPI_1.0</xilinx:tag>
        <xilinx:tag xilinx:name="ui.data.coregen.df@54606799_ARCHIVE_LOCATION">c:/Users/zapma/Documents/PiRadIP/PiRadSPI_1.0</xilinx:tag>
        <xilinx:tag xilinx:name="ui.data.coregen.df@9fd952e_ARCHIVE_LOCATION">c:/Users/zapma/Documents/PiRadIP/PiRadSPI_1.0</xilinx:tag>
        <xilinx:tag xilinx:name="ui.data.coregen.df@1398015b_ARCHIVE_LOCATION">c:/Users/zapma/Documents/PiRadIP/PiRadSPI_1.0</xilinx:tag>
        <xilinx:tag xilinx:name="ui.data.coregen.df@7e011def_ARCHIVE_LOCATION">c:/Users/zapma/Documents/PiRadIP/PiRadSPI_1.0</xilinx:tag>
        <xilinx:tag xilinx:name="ui.data.coregen.df@4c8ac2f3_ARCHIVE_LOCATION">c:/Users/zapma/Documents/PiRadIP/PiRadSPI_1.0</xilinx:tag>
        <xilinx:tag xilinx:name="ui.data.coregen.df@f3ef8cf_ARCHIVE_LOCATION">c:/Users/zapma/Documents/PiRadIP/PiRadSPI_1.0</xilinx:tag>
        <xilinx:tag xilinx:name="ui.data.coregen.df@10ca8c91_ARCHIVE_LOCATION">c:/Users/zapma/Documents/PiRadIP/PiRadSPI_1.0</xilinx:tag>
        <xilinx:tag xilinx:name="ui.data.coregen.df@515707c_ARCHIVE_LOCATION">c:/Users/zapma/Documents/PiRadIP/PiRadSPI_1.0</xilinx:tag>
        <xilinx:tag xilinx:name="ui.data.coregen.df@edae6e8_ARCHIVE_LOCATION">c:/Users/zapma/Documents/PiRadIP/PiRadSPI_1.0</xilinx:tag>
        <xilinx:tag xilinx:name="ui.data.coregen.df@7d5a4483_ARCHIVE_LOCATION">c:/Users/zapma/Documents/PiRadIP/PiRadSPI_1.0</xilinx:tag>
        <xilinx:tag xilinx:name="ui.data.coregen.df@1e5501e2_ARCHIVE_LOCATION">c:/Users/zapma/Documents/PiRadIP/PiRadSPI_1.0</xilinx:tag>
        <xilinx:tag xilinx:name="ui.data.coregen.df@61fe693b_ARCHIVE_LOCATION">c:/Users/zapma/Documents/PiRadIP/PiRadSPI_1.0</xilinx:tag>
        <xilinx:tag xilinx:name="ui.data.coregen.df@5cb821f3_ARCHIVE_LOCATION">c:/Users/zapma/Documents/PiRadIP/PiRadSPI_1.0</xilinx:tag>
        <xilinx:tag xilinx:name="ui.data.coregen.df@4e8adbca_ARCHIVE_LOCATION">c:/Users/zapma/Documents/PiRadIP/PiRadSPI_1.0</xilinx:tag>
        <xilinx:tag xilinx:name="ui.data.coregen.df@1f44679e_ARCHIVE_LOCATION">c:/Users/zapma/Documents/PiRadIP/PiRadSPI_1.0</xilinx:tag>
        <xilinx:tag xilinx:name="ui.data.coregen.df@4a52e42b_ARCHIVE_LOCATION">c:/Users/zapma/Documents/PiRadIP/PiRadSPI_1.0</xilinx:tag>
        <xilinx:tag xilinx:name="ui.data.coregen.df@4c8eb7b1_ARCHIVE_LOCATION">c:/Users/zapma/Documents/PiRadIP/PiRadSPI_1.0</xilinx:tag>
        <xilinx:tag xilinx:name="ui.data.coregen.df@2d89dd16_ARCHIVE_LOCATION">c:/Users/zapma/Documents/PiRadIP/PiRadSPI_1.0</xilinx:tag>
        <xilinx:tag xilinx:name="ui.data.coregen.df@2de304e6_ARCHIVE_LOCATION">c:/Users/zapma/Documents/PiRadIP/PiRadSPI_1.0</xilinx:tag>
        <xilinx:tag xilinx:name="ui.data.coregen.df@45ed4162_ARCHIVE_LOCATION">c:/Users/zapma/Documents/PiRadIP/PiRadSPI_1.0</xilinx:tag>
        <xilinx:tag xilinx:name="ui.data.coregen.df@65780359_ARCHIVE_LOCATION">c:/Users/zapma/Documents/PiRadIP/PiRadSPI_1.0</xilinx:tag>
        <xilinx:tag xilinx:name="ui.data.coregen.df@c501935_ARCHIVE_LOCATION">c:/Users/zapma/Documents/PiRadIP/PiRadSPI_1.0</xilinx:tag>
        <xilinx:tag xilinx:name="ui.data.coregen.df@3e00b0b7_ARCHIVE_LOCATION">c:/Users/zapma/Documents/PiRadIP/PiRadSPI_1.0</xilinx:tag>
        <xilinx:tag xilinx:name="ui.data.coregen.df@4e8d9f2f_ARCHIVE_LOCATION">c:/Users/zapma/Documents/PiRadIP/PiRadSPI_1.0</xilinx:tag>
        <xilinx:tag xilinx:name="ui.data.coregen.df@5f288f04_ARCHIVE_LOCATION">c:/Users/zapma/Documents/PiRadIP/PiRadSPI_1.0</xilinx:tag>
        <xilinx:tag xilinx:name="ui.data.coregen.df@6ce9caeb_ARCHIVE_LOCATION">c:/Users/zapma/Documents/PiRadIP/PiRadSPI_1.0</xilinx:tag>
        <xilinx:tag xilinx:name="ui.data.coregen.df@10d1f380_ARCHIVE_LOCATION">c:/Users/zapma/Documents/PiRadIP/PiRadSPI_1.0</xilinx:tag>
        <xilinx:tag xilinx:name="ui.data.coregen.df@403d15f9_ARCHIVE_LOCATION">c:/Users/zapma/Documents/PiRadIP/PiRadSPI_1.0</xilinx:tag>
        <xilinx:tag xilinx:name="ui.data.coregen.df@17e80e2d_ARCHIVE_LOCATION">c:/Users/zapma/Documents/PiRadIP/PiRadSPI_1.0</xilinx:tag>
        <xilinx:tag xilinx:name="ui.data.coregen.df@6813630c_ARCHIVE_LOCATION">c:/Users/zapma/Documents/PiRadIP/PiRadSPI_1.0</xilinx:tag>
        <xilinx:tag xilinx:name="ui.data.coregen.df@39dbb12e_ARCHIVE_LOCATION">c:/Users/zapma/Documents/PiRadIP/PiRadSPI_1.0</xilinx:tag>
        <xilinx:tag xilinx:name="ui.data.coregen.df@5f46ee1e_ARCHIVE_LOCATION">c:/Users/zapma/Documents/PiRadIP/PiRadSPI_1.0</xilinx:tag>
        <xilinx:tag xilinx:name="ui.data.coregen.df@3570e7d7_ARCHIVE_LOCATION">c:/Users/zapma/Documents/PiRadIP/PiRadSPI_1.0</xilinx:tag>
        <xilinx:tag xilinx:name="ui.data.coregen.df@5efe6781_ARCHIVE_LOCATION">c:/Users/zapma/Documents/PiRadIP/PiRadSPI_1.0</xilinx:tag>
        <xilinx:tag xilinx:name="ui.data.coregen.df@3f41593f_ARCHIVE_LOCATION">c:/Users/zapma/Documents/PiRadIP/PiRadSPI_1.0</xilinx:tag>
        <xilinx:tag xilinx:name="ui.data.coregen.df@990b682_ARCHIVE_LOCATION">c:/Users/zapma/Documents/PiRadIP/PiRadSPI_1.0</xilinx:tag>
        <xilinx:tag xilinx:name="ui.data.coregen.df@309da12d_ARCHIVE_LOCATION">c:/Users/zapma/Documents/PiRadIP/PiRadSPI_1.0</xilinx:tag>
        <xilinx:tag xilinx:name="ui.data.coregen.df@60d0db54_ARCHIVE_LOCATION">c:/Users/zapma/Documents/PiRadIP/PiRadSPI_1.0</xilinx:tag>
        <xilinx:tag xilinx:name="ui.data.coregen.df@4f46ac4e_ARCHIVE_LOCATION">c:/Users/zapma/Documents/PiRadIP/PiRadSPI_1.0</xilinx:tag>
        <xilinx:tag xilinx:name="ui.data.coregen.df@58c8cdab_ARCHIVE_LOCATION">c:/Users/zapma/Documents/PiRadIP/PiRadSPI_1.0</xilinx:tag>
        <xilinx:tag xilinx:name="ui.data.coregen.df@3db3d1df_ARCHIVE_LOCATION">c:/Users/zapma/Documents/PiRadIP/PiRadSPI_1.0</xilinx:tag>
        <xilinx:tag xilinx:name="ui.data.coregen.df@b680ccc_ARCHIVE_LOCATION">c:/Users/zapma/Documents/PiRadIP/PiRadSPI_1.0</xilinx:tag>
        <xilinx:tag xilinx:name="ui.data.coregen.df@565c998f_ARCHIVE_LOCATION">c:/Users/zapma/Documents/PiRadIP/PiRadSPI_1.0</xilinx:tag>
        <xilinx:tag xilinx:name="ui.data.coregen.df@2a2bb614_ARCHIVE_LOCATION">c:/Users/zapma/Documents/PiRadIP/PiRadSPI_1.0</xilinx:tag>
        <xilinx:tag xilinx:name="ui.data.coregen.df@3f4eace4_ARCHIVE_LOCATION">c:/Users/zapma/Documents/PiRadIP/PiRadSPI_1.0</xilinx:tag>
        <xilinx:tag xilinx:name="ui.data.coregen.df@4312624c_ARCHIVE_LOCATION">c:/Users/zapma/Documents/PiRadIP/PiRadSPI_1.0</xilinx:tag>
        <xilinx:tag xilinx:name="ui.data.coregen.df@569f4ef2_ARCHIVE_LOCATION">c:/Users/zapma/Documents/PiRadIP/PiRadSPI_1.0</xilinx:tag>
        <xilinx:tag xilinx:name="ui.data.coregen.df@676209bf_ARCHIVE_LOCATION">c:/Users/zapma/Documents/PiRadIP/PiRadSPI_1.0</xilinx:tag>
        <xilinx:tag xilinx:name="ui.data.coregen.df@5dbf3fa8_ARCHIVE_LOCATION">c:/Users/zapma/Documents/PiRadIP/PiRadSPI_1.0</xilinx:tag>
        <xilinx:tag xilinx:name="ui.data.coregen.df@52bccb25_ARCHIVE_LOCATION">c:/Users/zapma/Documents/PiRadIP/PiRadSPI_1.0</xilinx:tag>
        <xilinx:tag xilinx:name="ui.data.coregen.df@2816d9b6_ARCHIVE_LOCATION">c:/Users/zapma/Documents/PiRadIP/PiRadSPI_1.0</xilinx:tag>
        <xilinx:tag xilinx:name="ui.data.coregen.df@7595d05e_ARCHIVE_LOCATION">c:/Users/zapma/Documents/PiRadIP/PiRadSPI_1.0</xilinx:tag>
        <xilinx:tag xilinx:name="ui.data.coregen.df@46cfd2cd_ARCHIVE_LOCATION">c:/Users/zapma/Documents/PiRadIP/PiRadSPI_1.0</xilinx:tag>
        <xilinx:tag xilinx:name="ui.data.coregen.df@6649a2dc_ARCHIVE_LOCATION">c:/Users/zapma/Documents/PiRadIP/PiRadSPI_1.0</xilinx:tag>
        <xilinx:tag xilinx:name="ui.data.coregen.df@75c7691a_ARCHIVE_LOCATION">c:/Users/zapma/Documents/PiRadIP/PiRadSPI_1.0</xilinx:tag>
        <xilinx:tag xilinx:name="ui.data.coregen.df@4385f862_ARCHIVE_LOCATION">c:/Users/zapma/Documents/PiRadIP/PiRadSPI_1.0</xilinx:tag>
        <xilinx:tag xilinx:name="ui.data.coregen.df@5bf8fe4f_ARCHIVE_LOCATION">c:/Users/zapma/Documents/PiRadIP/PiRadSPI_1.0</xilinx:tag>
        <xilinx:tag xilinx:name="ui.data.coregen.df@24f23221_ARCHIVE_LOCATION">c:/Users/zapma/Documents/PiRadIP/PiRadSPI_1.0</xilinx:tag>
        <xilinx:tag xilinx:name="ui.data.coregen.df@68ad7e92_ARCHIVE_LOCATION">c:/Users/zapma/Documents/PiRadIP/PiRadSPI_1.0</xilinx:tag>
        <xilinx:tag xilinx:name="ui.data.coregen.df@436034f1_ARCHIVE_LOCATION">c:/Users/zapma/Documents/PiRadIP/PiRadSPI_1.0</xilinx:tag>
        <xilinx:tag xilinx:name="ui.data.coregen.df@d1a544a_ARCHIVE_LOCATION">c:/Users/zapma/Documents/PiRadIP/PiRadSPI_1.0</xilinx:tag>
        <xilinx:tag xilinx:name="ui.data.coregen.df@79f42f40_ARCHIVE_LOCATION">c:/Users/zapma/Documents/PiRadIP/PiRadSPI_1.0</xilinx:tag>
        <xilinx:tag xilinx:name="ui.data.coregen.df@53d68d09_ARCHIVE_LOCATION">c:/Users/zapma/Documents/PiRadIP/PiRadSPI_1.0</xilinx:tag>
        <xilinx:tag xilinx:name="ui.data.coregen.df@796f90b7_ARCHIVE_LOCATION">c:/Users/zapma/Documents/PiRadIP/PiRadSPI_1.0</xilinx:tag>
        <xilinx:tag xilinx:name="ui.data.coregen.df@69411dfb_ARCHIVE_LOCATION">c:/Users/zapma/Documents/PiRadIP/PiRadSPI_1.0</xilinx:tag>
        <xilinx:tag xilinx:name="ui.data.coregen.df@308c8254_ARCHIVE_LOCATION">c:/Users/zapma/Documents/PiRadIP/PiRadSPI_1.0</xilinx:tag>
        <xilinx:tag xilinx:name="ui.data.coregen.df@50bc5fda_ARCHIVE_LOCATION">c:/Users/zapma/Documents/PiRadIP/PiRadSPI_1.0</xilinx:tag>
        <xilinx:tag xilinx:name="ui.data.coregen.df@5ccbec09_ARCHIVE_LOCATION">c:/Users/zapma/Documents/PiRadIP/PiRadSPI_1.0</xilinx:tag>
        <xilinx:tag xilinx:name="ui.data.coregen.df@662aa37a_ARCHIVE_LOCATION">c:/Users/zapma/Documents/PiRadIP/PiRadSPI_1.0</xilinx:tag>
        <xilinx:tag xilinx:name="ui.data.coregen.df@55ef98de_ARCHIVE_LOCATION">c:/Users/zapma/Documents/PiRadIP/PiRadSPI_1.0</xilinx:tag>
        <xilinx:tag xilinx:name="ui.data.coregen.df@128e9db4_ARCHIVE_LOCATION">c:/Users/zapma/Documents/PiRadIP/PiRadSPI_1.0</xilinx:tag>
        <xilinx:tag xilinx:name="ui.data.coregen.df@9f76bed_ARCHIVE_LOCATION">c:/Users/zapma/Documents/PiRadIP/PiRadSPI_1.0</xilinx:tag>
        <xilinx:tag xilinx:name="ui.data.coregen.df@14b74bcd_ARCHIVE_LOCATION">c:/Users/zapma/Documents/PiRadIP/PiRadSPI_1.0</xilinx:tag>
        <xilinx:tag xilinx:name="ui.data.coregen.df@58082e25_ARCHIVE_LOCATION">c:/Users/zapma/Documents/PiRadIP/PiRadSPI_1.0</xilinx:tag>
        <xilinx:tag xilinx:name="ui.data.coregen.df@650b93d2_ARCHIVE_LOCATION">c:/Users/zapma/Documents/PiRadIP/PiRadSPI_1.0</xilinx:tag>
        <xilinx:tag xilinx:name="ui.data.coregen.df@419315bb_ARCHIVE_LOCATION">c:/Users/zapma/Documents/PiRadIP/PiRadSPI_1.0</xilinx:tag>
        <xilinx:tag xilinx:name="ui.data.coregen.df@3727f452_ARCHIVE_LOCATION">c:/Users/zapma/Documents/PiRadIP/PiRadSPI_1.0</xilinx:tag>
        <xilinx:tag xilinx:name="ui.data.coregen.df@ed900c3_ARCHIVE_LOCATION">c:/Users/zapma/Documents/PiRadIP/PiRadSPI_1.0</xilinx:tag>
        <xilinx:tag xilinx:name="ui.data.coregen.df@4c501a9_ARCHIVE_LOCATION">c:/Users/zapma/Documents/PiRadIP/PiRadSPI_1.0</xilinx:tag>
        <xilinx:tag xilinx:name="ui.data.coregen.df@3009cba4_ARCHIVE_LOCATION">c:/Users/zapma/Documents/PiRadIP/PiRadSPI_1.0</xilinx:tag>
        <xilinx:tag xilinx:name="ui.data.coregen.df@2197c80e_ARCHIVE_LOCATION">c:/Users/zapma/Documents/PiRadIP/PiRadSPI_1.0</xilinx:tag>
        <xilinx:tag xilinx:name="ui.data.coregen.df@57212f00_ARCHIVE_LOCATION">c:/Users/zapma/Documents/PiRadIP/PiRadSPI_1.0</xilinx:tag>
        <xilinx:tag xilinx:name="ui.data.coregen.df@6194e135_ARCHIVE_LOCATION">c:/Users/zapma/Documents/PiRadIP/PiRadSPI_1.0</xilinx:tag>
        <xilinx:tag xilinx:name="ui.data.coregen.df@71959cf2_ARCHIVE_LOCATION">c:/Users/zapma/Documents/PiRadIP/PiRadSPI_1.0</xilinx:tag>
        <xilinx:tag xilinx:name="ui.data.coregen.df@6c24a4ab_ARCHIVE_LOCATION">c:/Users/zapma/Documents/PiRadIP/PiRadSPI_1.0</xilinx:tag>
        <xilinx:tag xilinx:name="ui.data.coregen.df@310f18c5_ARCHIVE_LOCATION">c:/Users/zapma/Documents/PiRadIP/PiRadSPI_1.0</xilinx:tag>
        <xilinx:tag xilinx:name="ui.data.coregen.df@7b791d74_ARCHIVE_LOCATION">c:/Users/zapma/Documents/PiRadIP/PiRadSPI_1.0</xilinx:tag>
        <xilinx:tag xilinx:name="ui.data.coregen.df@1fe626b8_ARCHIVE_LOCATION">c:/Users/zapma/Documents/PiRadIP/PiRadSPI_1.0</xilinx:tag>
        <xilinx:tag xilinx:name="ui.data.coregen.df@2f9e5d93_ARCHIVE_LOCATION">c:/Users/zapma/Documents/PiRadIP/PiRadSPI_1.0</xilinx:tag>
        <xilinx:tag xilinx:name="ui.data.coregen.df@3615f555_ARCHIVE_LOCATION">c:/Users/zapma/Documents/PiRadIP/PiRadSPI_1.0</xilinx:tag>
        <xilinx:tag xilinx:name="ui.data.coregen.df@f484849_ARCHIVE_LOCATION">c:/Users/zapma/Documents/PiRadIP/PiRadSPI_1.0</xilinx:tag>
        <xilinx:tag xilinx:name="ui.data.coregen.df@233a1af0_ARCHIVE_LOCATION">c:/Users/zapma/Documents/PiRadIP/PiRadSPI_1.0</xilinx:tag>
        <xilinx:tag xilinx:name="ui.data.coregen.df@32da12a6_ARCHIVE_LOCATION">c:/Users/zapma/Documents/PiRadIP/PiRadSPI_1.0</xilinx:tag>
        <xilinx:tag xilinx:name="ui.data.coregen.df@26deecda_ARCHIVE_LOCATION">c:/Users/zapma/Documents/PiRadIP/PiRadSPI_1.0</xilinx:tag>
        <xilinx:tag xilinx:name="ui.data.coregen.df@16ad7d72_ARCHIVE_LOCATION">c:/Users/zapma/Documents/PiRadIP/PiRadSPI_1.0</xilinx:tag>
        <xilinx:tag xilinx:name="ui.data.coregen.df@1fd23503_ARCHIVE_LOCATION">c:/Users/zapma/Documents/PiRadIP/PiRadSPI_1.0</xilinx:tag>
        <xilinx:tag xilinx:name="ui.data.coregen.df@5b144118_ARCHIVE_LOCATION">c:/Users/zapma/Documents/PiRadIP/PiRadSPI_1.0</xilinx:tag>
        <xilinx:tag xilinx:name="ui.data.coregen.df@41c36117_ARCHIVE_LOCATION">c:/Users/zapma/Documents/PiRadIP/PiRadSPI_1.0</xilinx:tag>
        <xilinx:tag xilinx:name="ui.data.coregen.df@4a3d3ad0_ARCHIVE_LOCATION">c:/Users/zapma/Documents/PiRadIP/PiRadSPI_1.0</xilinx:tag>
        <xilinx:tag xilinx:name="ui.data.coregen.df@77854133_ARCHIVE_LOCATION">c:/Users/zapma/Documents/PiRadIP/PiRadSPI_1.0</xilinx:tag>
        <xilinx:tag xilinx:name="ui.data.coregen.df@166bcd7e_ARCHIVE_LOCATION">c:/Users/zapma/Documents/PiRadIP/PiRadSPI_1.0</xilinx:tag>
        <xilinx:tag xilinx:name="ui.data.coregen.df@6b9311e3_ARCHIVE_LOCATION">c:/Users/zapma/Documents/PiRadIP/PiRadSPI_1.0</xilinx:tag>
        <xilinx:tag xilinx:name="ui.data.coregen.df@7ffbcac3_ARCHIVE_LOCATION">c:/Users/zapma/Documents/PiRadIP/PiRadSPI_1.0</xilinx:tag>
        <xilinx:tag xilinx:name="ui.data.coregen.df@68404423_ARCHIVE_LOCATION">c:/Users/zapma/Documents/PiRadIP/PiRadSPI_1.0</xilinx:tag>
        <xilinx:tag xilinx:name="ui.data.coregen.df@74b311e2_ARCHIVE_LOCATION">c:/Users/zapma/Documents/PiRadIP/PiRadSPI_1.0</xilinx:tag>
        <xilinx:tag xilinx:name="ui.data.coregen.df@5f4dccf9_ARCHIVE_LOCATION">c:/Users/zapma/Documents/PiRadIP/PiRadSPI_1.0</xilinx:tag>
        <xilinx:tag xilinx:name="ui.data.coregen.df@21038eea_ARCHIVE_LOCATION">c:/Users/zapma/Documents/PiRadIP/PiRadSPI_1.0</xilinx:tag>
        <xilinx:tag xilinx:name="ui.data.coregen.df@51448229_ARCHIVE_LOCATION">c:/Users/zapma/Documents/PiRadIP/PiRadSPI_1.0</xilinx:tag>
        <xilinx:tag xilinx:name="ui.data.coregen.df@2b1677d5_ARCHIVE_LOCATION">c:/Users/zapma/Documents/PiRadIP/PiRadSPI_1.0</xilinx:tag>
        <xilinx:tag xilinx:name="ui.data.coregen.df@1122cc3a_ARCHIVE_LOCATION">c:/Users/zapma/Documents/PiRadIP/PiRadSPI_1.0</xilinx:tag>
        <xilinx:tag xilinx:name="ui.data.coregen.df@5eed264f_ARCHIVE_LOCATION">c:/Users/zapma/Documents/PiRadIP/PiRadSPI_1.0</xilinx:tag>
        <xilinx:tag xilinx:name="ui.data.coregen.df@11b1a874_ARCHIVE_LOCATION">c:/Users/zapma/Documents/PiRadIP/PiRadSPI_1.0</xilinx:tag>
        <xilinx:tag xilinx:name="ui.data.coregen.df@6b08d863_ARCHIVE_LOCATION">c:/Users/zapma/Documents/PiRadIP/PiRadSPI_1.0</xilinx:tag>
        <xilinx:tag xilinx:name="ui.data.coregen.df@19cf559d_ARCHIVE_LOCATION">c:/Users/zapma/Documents/PiRadIP/PiRadSPI_1.0</xilinx:tag>
        <xilinx:tag xilinx:name="ui.data.coregen.df@61a27eee_ARCHIVE_LOCATION">c:/Users/zapma/Documents/PiRadIP/PiRadSPI_1.0</xilinx:tag>
        <xilinx:tag xilinx:name="ui.data.coregen.df@62c3e945_ARCHIVE_LOCATION">c:/Users/zapma/Documents/PiRadIP/PiRadSPI_1.0</xilinx:tag>
        <xilinx:tag xilinx:name="ui.data.coregen.df@66804c04_ARCHIVE_LOCATION">c:/Users/zapma/Documents/PiRadIP/PiRadSPI_1.0</xilinx:tag>
        <xilinx:tag xilinx:name="ui.data.coregen.df@6b881d42_ARCHIVE_LOCATION">c:/Users/zapma/Documents/PiRadIP/PiRadSPI_1.0</xilinx:tag>
        <xilinx:tag xilinx:name="ui.data.coregen.df@2299bfbe_ARCHIVE_LOCATION">c:/Users/zapma/Documents/PiRadIP/PiRadSPI_1.0</xilinx:tag>
        <xilinx:tag xilinx:name="ui.data.coregen.df@22a394f1_ARCHIVE_LOCATION">c:/Users/zapma/Documents/PiRadIP/PiRadSPI_1.0</xilinx:tag>
        <xilinx:tag xilinx:name="ui.data.coregen.df@5860102f_ARCHIVE_LOCATION">c:/Users/zapma/Documents/PiRadIP/PiRadSPI_1.0</xilinx:tag>
        <xilinx:tag xilinx:name="ui.data.coregen.df@3e38fd9f_ARCHIVE_LOCATION">c:/Users/zapma/Documents/PiRadIP/PiRadSPI_1.0</xilinx:tag>
        <xilinx:tag xilinx:name="ui.data.coregen.df@15724b7_ARCHIVE_LOCATION">c:/Users/zapma/Documents/PiRadIP/PiRadSPI_1.0</xilinx:tag>
        <xilinx:tag xilinx:name="ui.data.coregen.df@3788b0af_ARCHIVE_LOCATION">c:/Users/zapma/Documents/PiRadIP/PiRadSPI_1.0</xilinx:tag>
        <xilinx:tag xilinx:name="ui.data.coregen.df@403dbe15_ARCHIVE_LOCATION">c:/Users/zapma/Documents/PiRadIP/PiRadSPI_1.0</xilinx:tag>
        <xilinx:tag xilinx:name="ui.data.coregen.df@5f343217_ARCHIVE_LOCATION">c:/Users/zapma/Documents/PiRadIP/PiRadSPI_1.0</xilinx:tag>
        <xilinx:tag xilinx:name="ui.data.coregen.df@6aa2bd6a_ARCHIVE_LOCATION">c:/Users/zapma/Documents/PiRadIP/PiRadSPI_1.0</xilinx:tag>
        <xilinx:tag xilinx:name="ui.data.coregen.df@39d65a96_ARCHIVE_LOCATION">c:/Users/zapma/Documents/PiRadIP/PiRadSPI_1.0</xilinx:tag>
        <xilinx:tag xilinx:name="ui.data.coregen.df@35bdf3a7_ARCHIVE_LOCATION">c:/Users/zapma/Documents/PiRadIP/PiRadSPI_1.0</xilinx:tag>
        <xilinx:tag xilinx:name="ui.data.coregen.df@3c68a5ba_ARCHIVE_LOCATION">c:/Users/zapma/Documents/PiRadIP/PiRadSPI_1.0</xilinx:tag>
        <xilinx:tag xilinx:name="ui.data.coregen.df@ae2d0cd_ARCHIVE_LOCATION">c:/Users/zapma/Documents/PiRadIP/PiRadSPI_1.0</xilinx:tag>
        <xilinx:tag xilinx:name="ui.data.coregen.df@5114cd07_ARCHIVE_LOCATION">c:/Users/zapma/Documents/PiRadIP/PiRadSPI_1.0</xilinx:tag>
        <xilinx:tag xilinx:name="ui.data.coregen.df@6c9a8069_ARCHIVE_LOCATION">c:/Users/zapma/Documents/PiRadIP/PiRadSPI_1.0</xilinx:tag>
        <xilinx:tag xilinx:name="ui.data.coregen.df@db2d844_ARCHIVE_LOCATION">c:/Users/zapma/Documents/PiRadIP/PiRadSPI_1.0</xilinx:tag>
        <xilinx:tag xilinx:name="ui.data.coregen.df@30264a52_ARCHIVE_LOCATION">c:/Users/zapma/Documents/PiRadIP/PiRadSPI_1.0</xilinx:tag>
        <xilinx:tag xilinx:name="ui.data.coregen.df@66c2bf97_ARCHIVE_LOCATION">c:/Users/zapma/Documents/PiRadIP/PiRadSPI_1.0</xilinx:tag>
        <xilinx:tag xilinx:name="ui.data.coregen.df@7c3872cc_ARCHIVE_LOCATION">c:/Users/zapma/Documents/PiRadIP/PiRadSPI_1.0</xilinx:tag>
      </xilinx:tags>
    </xilinx:coreExtensions>
    <xilinx:packagingInfo>
      <xilinx:xilinxVersion>2021.2</xilinx:xilinxVersion>
      <xilinx:checksum xilinx:scope="busInterfaces" xilinx:value="21058fc1"/>
      <xilinx:checksum xilinx:scope="memoryMaps" xilinx:value="be7467d0"/>
      <xilinx:checksum xilinx:scope="fileGroups" xilinx:value="fef42e3d"/>
      <xilinx:checksum xilinx:scope="ports" xilinx:value="87c3de36"/>
      <xilinx:checksum xilinx:scope="hdlParameters" xilinx:value="3bf97dd7"/>
      <xilinx:checksum xilinx:scope="parameters" xilinx:value="fdc2dd67"/>
    </xilinx:packagingInfo>
  </spirit:vendorExtensions>
</spirit:component>
